seed,model,variant,condition,budget,k,tp,fp,fn,precision,recall,lift
17,word_balanced,raw,id,0.001,40,40,0,160,1.0,0.2,200.0
17,word_balanced,raw,id,0.005,200,200,0,0,1.0,1.0,200.0
17,word_balanced,raw,id,0.01,400,200,200,0,0.5,1.0,100.0
17,word_balanced,raw,id,0.02,800,200,600,0,0.25,1.0,50.0
17,word_balanced,raw,id,0.05,2000,200,1800,0,0.1,1.0,20.0
17,word_balanced,calibrated,id,0.001,40,40,0,160,1.0,0.2,200.0
17,word_balanced,calibrated,id,0.005,200,200,0,0,1.0,1.0,200.0
17,word_balanced,calibrated,id,0.01,400,200,200,0,0.5,1.0,100.0
17,word_balanced,calibrated,id,0.02,800,200,600,0,0.25,1.0,50.0
17,word_balanced,calibrated,id,0.05,2000,200,1800,0,0.1,1.0,20.0
17,word_balanced,raw,positive_paraphrase,0.001,40,40,0,160,1.0,0.2,200.0
17,word_balanced,raw,positive_paraphrase,0.005,200,137,63,63,0.685,0.685,137.0
17,word_balanced,raw,positive_paraphrase,0.01,400,170,230,30,0.425,0.85,85.0
17,word_balanced,raw,positive_paraphrase,0.02,800,200,600,0,0.25,1.0,50.0
17,word_balanced,raw,positive_paraphrase,0.05,2000,200,1800,0,0.1,1.0,20.0
17,word_balanced,calibrated,positive_paraphrase,0.001,40,40,0,160,1.0,0.2,200.0
17,word_balanced,calibrated,positive_paraphrase,0.005,200,137,63,63,0.685,0.685,137.0
17,word_balanced,calibrated,positive_paraphrase,0.01,400,170,230,30,0.425,0.85,85.0
17,word_balanced,calibrated,positive_paraphrase,0.02,800,200,600,0,0.25,1.0,50.0
17,word_balanced,calibrated,positive_paraphrase,0.05,2000,200,1800,0,0.1,1.0,20.0
17,word_balanced,raw,benign_context,0.001,40,0,40,200,0.0,0.0,0.0
17,word_balanced,raw,benign_context,0.005,200,0,200,200,0.0,0.0,0.0
17,word_balanced,raw,benign_context,0.01,400,0,400,200,0.0,0.0,0.0
17,word_balanced,raw,benign_context,0.02,800,5,795,195,0.00625,0.025,1.25
17,word_balanced,raw,benign_context,0.05,2000,100,1900,100,0.05,0.5,10.0
17,word_balanced,calibrated,benign_context,0.001,40,0,40,200,0.0,0.0,0.0
17,word_balanced,calibrated,benign_context,0.005,200,0,200,200,0.0,0.0,0.0
17,word_balanced,calibrated,benign_context,0.01,400,0,400,200,0.0,0.0,0.0
17,word_balanced,calibrated,benign_context,0.02,800,5,795,195,0.00625,0.025,1.25
17,word_balanced,calibrated,benign_context,0.05,2000,100,1900,100,0.05,0.5,10.0
17,word_balanced,raw,combined,0.001,40,0,40,200,0.0,0.0,0.0
17,word_balanced,raw,combined,0.005,200,0,200,200,0.0,0.0,0.0
17,word_balanced,raw,combined,0.01,400,0,400,200,0.0,0.0,0.0
17,word_balanced,raw,combined,0.02,800,0,800,200,0.0,0.0,0.0
17,word_balanced,raw,combined,0.05,2000,0,2000,200,0.0,0.0,0.0
17,word_balanced,calibrated,combined,0.001,40,0,40,200,0.0,0.0,0.0
17,word_balanced,calibrated,combined,0.005,200,0,200,200,0.0,0.0,0.0
17,word_balanced,calibrated,combined,0.01,400,0,400,200,0.0,0.0,0.0
17,word_balanced,calibrated,combined,0.02,800,0,800,200,0.0,0.0,0.0
17,word_balanced,calibrated,combined,0.05,2000,0,2000,200,0.0,0.0,0.0
17,word_balanced,raw,combined_0.25,0.001,40,0,40,200,0.0,0.0,0.0
17,word_balanced,raw,combined_0.25,0.005,200,2,198,198,0.01,0.01,2.0
17,word_balanced,raw,combined_0.25,0.01,400,53,347,147,0.1325,0.265,26.5
17,word_balanced,raw,combined_0.25,0.02,800,121,679,79,0.15125,0.605,30.25
17,word_balanced,raw,combined_0.25,0.05,2000,200,1800,0,0.1,1.0,20.0
17,word_balanced,calibrated,combined_0.25,0.001,40,0,40,200,0.0,0.0,0.0
17,word_balanced,calibrated,combined_0.25,0.005,200,2,198,198,0.01,0.01,2.0
17,word_balanced,calibrated,combined_0.25,0.01,400,53,347,147,0.1325,0.265,26.5
17,word_balanced,calibrated,combined_0.25,0.02,800,121,679,79,0.15125,0.605,30.25
17,word_balanced,calibrated,combined_0.25,0.05,2000,200,1800,0,0.1,1.0,20.0
17,word_balanced,raw,combined_0.50,0.001,40,0,40,200,0.0,0.0,0.0
17,word_balanced,raw,combined_0.50,0.005,200,0,200,200,0.0,0.0,0.0
17,word_balanced,raw,combined_0.50,0.01,400,2,398,198,0.005,0.01,1.0
17,word_balanced,raw,combined_0.50,0.02,800,45,755,155,0.05625,0.225,11.25
17,word_balanced,raw,combined_0.50,0.05,2000,183,1817,17,0.0915,0.915,18.3
17,word_balanced,calibrated,combined_0.50,0.001,40,0,40,200,0.0,0.0,0.0
17,word_balanced,calibrated,combined_0.50,0.005,200,0,200,200,0.0,0.0,0.0
17,word_balanced,calibrated,combined_0.50,0.01,400,2,398,198,0.005,0.01,1.0
17,word_balanced,calibrated,combined_0.50,0.02,800,45,755,155,0.05625,0.225,11.25
17,word_balanced,calibrated,combined_0.50,0.05,2000,183,1817,17,0.0915,0.915,18.3
17,word_balanced,raw,combined_0.75,0.001,40,0,40,200,0.0,0.0,0.0
17,word_balanced,raw,combined_0.75,0.005,200,0,200,200,0.0,0.0,0.0
17,word_balanced,raw,combined_0.75,0.01,400,0,400,200,0.0,0.0,0.0
17,word_balanced,raw,combined_0.75,0.02,800,3,797,197,0.00375,0.015,0.75
17,word_balanced,raw,combined_0.75,0.05,2000,30,1970,170,0.015,0.15,3.0
17,word_balanced,calibrated,combined_0.75,0.001,40,0,40,200,0.0,0.0,0.0
17,word_balanced,calibrated,combined_0.75,0.005,200,0,200,200,0.0,0.0,0.0
17,word_balanced,calibrated,combined_0.75,0.01,400,0,400,200,0.0,0.0,0.0
17,word_balanced,calibrated,combined_0.75,0.02,800,3,797,197,0.00375,0.015,0.75
17,word_balanced,calibrated,combined_0.75,0.05,2000,30,1970,170,0.015,0.15,3.0
17,word_unweighted,raw,id,0.001,40,40,0,160,1.0,0.2,200.0
17,word_unweighted,raw,id,0.005,200,200,0,0,1.0,1.0,200.0
17,word_unweighted,raw,id,0.01,400,200,200,0,0.5,1.0,100.0
17,word_unweighted,raw,id,0.02,800,200,600,0,0.25,1.0,50.0
17,word_unweighted,raw,id,0.05,2000,200,1800,0,0.1,1.0,20.0
17,word_unweighted,calibrated,id,0.001,40,40,0,160,1.0,0.2,200.0
17,word_unweighted,calibrated,id,0.005,200,200,0,0,1.0,1.0,200.0
17,word_unweighted,calibrated,id,0.01,400,200,200,0,0.5,1.0,100.0
17,word_unweighted,calibrated,id,0.02,800,200,600,0,0.25,1.0,50.0
17,word_unweighted,calibrated,id,0.05,2000,200,1800,0,0.1,1.0,20.0
17,word_unweighted,raw,positive_paraphrase,0.001,40,40,0,160,1.0,0.2,200.0
17,word_unweighted,raw,positive_paraphrase,0.005,200,77,123,123,0.385,0.385,77.0
17,word_unweighted,raw,positive_paraphrase,0.01,400,105,295,95,0.2625,0.525,52.5
17,word_unweighted,raw,positive_paraphrase,0.02,800,200,600,0,0.25,1.0,50.0
17,word_unweighted,raw,positive_paraphrase,0.05,2000,200,1800,0,0.1,1.0,20.0
17,word_unweighted,calibrated,positive_paraphrase,0.001,40,40,0,160,1.0,0.2,200.0
17,word_unweighted,calibrated,positive_paraphrase,0.005,200,77,123,123,0.385,0.385,77.0
17,word_unweighted,calibrated,positive_paraphrase,0.01,400,105,295,95,0.2625,0.525,52.5
17,word_unweighted,calibrated,positive_paraphrase,0.02,800,200,600,0,0.25,1.0,50.0
17,word_unweighted,calibrated,positive_paraphrase,0.05,2000,200,1800,0,0.1,1.0,20.0
17,word_unweighted,raw,benign_context,0.001,40,0,40,200,0.0,0.0,0.0
17,word_unweighted,raw,benign_context,0.005,200,0,200,200,0.0,0.0,0.0
17,word_unweighted,raw,benign_context,0.01,400,2,398,198,0.005,0.01,1.0
17,word_unweighted,raw,benign_context,0.02,800,12,788,188,0.015,0.06,3.0
17,word_unweighted,raw,benign_context,0.05,2000,107,1893,93,0.0535,0.535,10.7
17,word_unweighted,calibrated,benign_context,0.001,40,0,40,200,0.0,0.0,0.0
17,word_unweighted,calibrated,benign_context,0.005,200,0,200,200,0.0,0.0,0.0
17,word_unweighted,calibrated,benign_context,0.01,400,2,398,198,0.005,0.01,1.0
17,word_unweighted,calibrated,benign_context,0.02,800,12,788,188,0.015,0.06,3.0
17,word_unweighted,calibrated,benign_context,0.05,2000,107,1893,93,0.0535,0.535,10.7
17,word_unweighted,raw,combined,0.001,40,0,40,200,0.0,0.0,0.0
17,word_unweighted,raw,combined,0.005,200,0,200,200,0.0,0.0,0.0
17,word_unweighted,raw,combined,0.01,400,0,400,200,0.0,0.0,0.0
17,word_unweighted,raw,combined,0.02,800,0,800,200,0.0,0.0,0.0
17,word_unweighted,raw,combined,0.05,2000,0,2000,200,0.0,0.0,0.0
17,word_unweighted,calibrated,combined,0.001,40,0,40,200,0.0,0.0,0.0
17,word_unweighted,calibrated,combined,0.005,200,0,200,200,0.0,0.0,0.0
17,word_unweighted,calibrated,combined,0.01,400,0,400,200,0.0,0.0,0.0
17,word_unweighted,calibrated,combined,0.02,800,0,800,200,0.0,0.0,0.0
17,word_unweighted,calibrated,combined,0.05,2000,0,2000,200,0.0,0.0,0.0
17,char_balanced,raw,id,0.001,40,40,0,160,1.0,0.2,200.0
17,char_balanced,raw,id,0.005,200,200,0,0,1.0,1.0,200.0
17,char_balanced,raw,id,0.01,400,200,200,0,0.5,1.0,100.0
17,char_balanced,raw,id,0.02,800,200,600,0,0.25,1.0,50.0
17,char_balanced,raw,id,0.05,2000,200,1800,0,0.1,1.0,20.0
17,char_balanced,calibrated,id,0.001,40,40,0,160,1.0,0.2,200.0
17,char_balanced,calibrated,id,0.005,200,200,0,0,1.0,1.0,200.0
17,char_balanced,calibrated,id,0.01,400,200,200,0,0.5,1.0,100.0
17,char_balanced,calibrated,id,0.02,800,200,600,0,0.25,1.0,50.0
17,char_balanced,calibrated,id,0.05,2000,200,1800,0,0.1,1.0,20.0
17,char_balanced,raw,positive_paraphrase,0.001,40,40,0,160,1.0,0.2,200.0
17,char_balanced,raw,positive_paraphrase,0.005,200,154,46,46,0.77,0.77,154.0
17,char_balanced,raw,positive_paraphrase,0.01,400,174,226,26,0.435,0.87,87.0
17,char_balanced,raw,positive_paraphrase,0.02,800,200,600,0,0.25,1.0,50.0
17,char_balanced,raw,positive_paraphrase,0.05,2000,200,1800,0,0.1,1.0,20.0
17,char_balanced,calibrated,positive_paraphrase,0.001,40,40,0,160,1.0,0.2,200.0
17,char_balanced,calibrated,positive_paraphrase,0.005,200,154,46,46,0.77,0.77,154.0
17,char_balanced,calibrated,positive_paraphrase,0.01,400,174,226,26,0.435,0.87,87.0
17,char_balanced,calibrated,positive_paraphrase,0.02,800,200,600,0,0.25,1.0,50.0
17,char_balanced,calibrated,positive_paraphrase,0.05,2000,200,1800,0,0.1,1.0,20.0
17,char_balanced,raw,benign_context,0.001,40,40,0,160,1.0,0.2,200.0
17,char_balanced,raw,benign_context,0.005,200,149,51,51,0.745,0.745,149.0
17,char_balanced,raw,benign_context,0.01,400,176,224,24,0.44,0.88,88.0
17,char_balanced,raw,benign_context,0.02,800,192,608,8,0.24,0.96,48.0
17,char_balanced,raw,benign_context,0.05,2000,200,1800,0,0.1,1.0,20.0
17,char_balanced,calibrated,benign_context,0.001,40,40,0,160,1.0,0.2,200.0
17,char_balanced,calibrated,benign_context,0.005,200,149,51,51,0.745,0.745,149.0
17,char_balanced,calibrated,benign_context,0.01,400,176,224,24,0.44,0.88,88.0
17,char_balanced,calibrated,benign_context,0.02,800,192,608,8,0.24,0.96,48.0
17,char_balanced,calibrated,benign_context,0.05,2000,200,1800,0,0.1,1.0,20.0
17,char_balanced,raw,combined,0.001,40,0,40,200,0.0,0.0,0.0
17,char_balanced,raw,combined,0.005,200,0,200,200,0.0,0.0,0.0
17,char_balanced,raw,combined,0.01,400,0,400,200,0.0,0.0,0.0
17,char_balanced,raw,combined,0.02,800,0,800,200,0.0,0.0,0.0
17,char_balanced,raw,combined,0.05,2000,0,2000,200,0.0,0.0,0.0
17,char_balanced,calibrated,combined,0.001,40,0,40,200,0.0,0.0,0.0
17,char_balanced,calibrated,combined,0.005,200,0,200,200,0.0,0.0,0.0
17,char_balanced,calibrated,combined,0.01,400,0,400,200,0.0,0.0,0.0
17,char_balanced,calibrated,combined,0.02,800,0,800,200,0.0,0.0,0.0
17,char_balanced,calibrated,combined,0.05,2000,0,2000,200,0.0,0.0,0.0
29,word_balanced,raw,id,0.001,40,40,0,160,1.0,0.2,200.0
29,word_balanced,raw,id,0.005,200,200,0,0,1.0,1.0,200.0
29,word_balanced,raw,id,0.01,400,200,200,0,0.5,1.0,100.0
29,word_balanced,raw,id,0.02,800,200,600,0,0.25,1.0,50.0
29,word_balanced,raw,id,0.05,2000,200,1800,0,0.1,1.0,20.0
29,word_balanced,calibrated,id,0.001,40,40,0,160,1.0,0.2,200.0
29,word_balanced,calibrated,id,0.005,200,200,0,0,1.0,1.0,200.0
29,word_balanced,calibrated,id,0.01,400,200,200,0,0.5,1.0,100.0
29,word_balanced,calibrated,id,0.02,800,200,600,0,0.25,1.0,50.0
29,word_balanced,calibrated,id,0.05,2000,200,1800,0,0.1,1.0,20.0
29,word_balanced,raw,positive_paraphrase,0.001,40,40,0,160,1.0,0.2,200.0
29,word_balanced,raw,positive_paraphrase,0.005,200,142,58,58,0.71,0.71,142.0
29,word_balanced,raw,positive_paraphrase,0.01,400,175,225,25,0.4375,0.875,87.5
29,word_balanced,raw,positive_paraphrase,0.02,800,200,600,0,0.25,1.0,50.0
29,word_balanced,raw,positive_paraphrase,0.05,2000,200,1800,0,0.1,1.0,20.0
29,word_balanced,calibrated,positive_paraphrase,0.001,40,40,0,160,1.0,0.2,200.0
29,word_balanced,calibrated,positive_paraphrase,0.005,200,142,58,58,0.71,0.71,142.0
29,word_balanced,calibrated,positive_paraphrase,0.01,400,175,225,25,0.4375,0.875,87.5
29,word_balanced,calibrated,positive_paraphrase,0.02,800,200,600,0,0.25,1.0,50.0
29,word_balanced,calibrated,positive_paraphrase,0.05,2000,200,1800,0,0.1,1.0,20.0
29,word_balanced,raw,benign_context,0.001,40,0,40,200,0.0,0.0,0.0
29,word_balanced,raw,benign_context,0.005,200,0,200,200,0.0,0.0,0.0
29,word_balanced,raw,benign_context,0.01,400,0,400,200,0.0,0.0,0.0
29,word_balanced,raw,benign_context,0.02,800,10,790,190,0.0125,0.05,2.5
29,word_balanced,raw,benign_context,0.05,2000,64,1936,136,0.032,0.32,6.4
29,word_balanced,calibrated,benign_context,0.001,40,0,40,200,0.0,0.0,0.0
29,word_balanced,calibrated,benign_context,0.005,200,0,200,200,0.0,0.0,0.0
29,word_balanced,calibrated,benign_context,0.01,400,0,400,200,0.0,0.0,0.0
29,word_balanced,calibrated,benign_context,0.02,800,10,790,190,0.0125,0.05,2.5
29,word_balanced,calibrated,benign_context,0.05,2000,64,1936,136,0.032,0.32,6.4
29,word_balanced,raw,combined,0.001,40,0,40,200,0.0,0.0,0.0
29,word_balanced,raw,combined,0.005,200,0,200,200,0.0,0.0,0.0
29,word_balanced,raw,combined,0.01,400,0,400,200,0.0,0.0,0.0
29,word_balanced,raw,combined,0.02,800,0,800,200,0.0,0.0,0.0
29,word_balanced,raw,combined,0.05,2000,0,2000,200,0.0,0.0,0.0
29,word_balanced,calibrated,combined,0.001,40,0,40,200,0.0,0.0,0.0
29,word_balanced,calibrated,combined,0.005,200,0,200,200,0.0,0.0,0.0
29,word_balanced,calibrated,combined,0.01,400,0,400,200,0.0,0.0,0.0
29,word_balanced,calibrated,combined,0.02,800,0,800,200,0.0,0.0,0.0
29,word_balanced,calibrated,combined,0.05,2000,0,2000,200,0.0,0.0,0.0
29,word_balanced,raw,combined_0.25,0.001,40,0,40,200,0.0,0.0,0.0
29,word_balanced,raw,combined_0.25,0.005,200,8,192,192,0.04,0.04,8.0
29,word_balanced,raw,combined_0.25,0.01,400,28,372,172,0.07,0.14,14.000000000000002
29,word_balanced,raw,combined_0.25,0.02,800,121,679,79,0.15125,0.605,30.25
29,word_balanced,raw,combined_0.25,0.05,2000,200,1800,0,0.1,1.0,20.0
29,word_balanced,calibrated,combined_0.25,0.001,40,0,40,200,0.0,0.0,0.0
29,word_balanced,calibrated,combined_0.25,0.005,200,8,192,192,0.04,0.04,8.0
29,word_balanced,calibrated,combined_0.25,0.01,400,28,372,172,0.07,0.14,14.000000000000002
29,word_balanced,calibrated,combined_0.25,0.02,800,121,679,79,0.15125,0.605,30.25
29,word_balanced,calibrated,combined_0.25,0.05,2000,200,1800,0,0.1,1.0,20.0
29,word_balanced,raw,combined_0.50,0.001,40,0,40,200,0.0,0.0,0.0
29,word_balanced,raw,combined_0.50,0.005,200,0,200,200,0.0,0.0,0.0
29,word_balanced,raw,combined_0.50,0.01,400,6,394,194,0.015,0.03,3.0
29,word_balanced,raw,combined_0.50,0.02,800,16,784,184,0.02,0.08,4.0
29,word_balanced,raw,combined_0.50,0.05,2000,189,1811,11,0.0945,0.945,18.9
29,word_balanced,calibrated,combined_0.50,0.001,40,0,40,200,0.0,0.0,0.0
29,word_balanced,calibrated,combined_0.50,0.005,200,0,200,200,0.0,0.0,0.0
29,word_balanced,calibrated,combined_0.50,0.01,400,6,394,194,0.015,0.03,3.0
29,word_balanced,calibrated,combined_0.50,0.02,800,16,784,184,0.02,0.08,4.0
29,word_balanced,calibrated,combined_0.50,0.05,2000,189,1811,11,0.0945,0.945,18.9
29,word_balanced,raw,combined_0.75,0.001,40,0,40,200,0.0,0.0,0.0
29,word_balanced,raw,combined_0.75,0.005,200,0,200,200,0.0,0.0,0.0
29,word_balanced,raw,combined_0.75,0.01,400,0,400,200,0.0,0.0,0.0
29,word_balanced,raw,combined_0.75,0.02,800,5,795,195,0.00625,0.025,1.25
29,word_balanced,raw,combined_0.75,0.05,2000,33,1967,167,0.0165,0.165,3.3000000000000003
29,word_balanced,calibrated,combined_0.75,0.001,40,0,40,200,0.0,0.0,0.0
29,word_balanced,calibrated,combined_0.75,0.005,200,0,200,200,0.0,0.0,0.0
29,word_balanced,calibrated,combined_0.75,0.01,400,0,400,200,0.0,0.0,0.0
29,word_balanced,calibrated,combined_0.75,0.02,800,5,795,195,0.00625,0.025,1.25
29,word_balanced,calibrated,combined_0.75,0.05,2000,33,1967,167,0.0165,0.165,3.3000000000000003
29,word_unweighted,raw,id,0.001,40,40,0,160,1.0,0.2,200.0
29,word_unweighted,raw,id,0.005,200,200,0,0,1.0,1.0,200.0
29,word_unweighted,raw,id,0.01,400,200,200,0,0.5,1.0,100.0
29,word_unweighted,raw,id,0.02,800,200,600,0,0.25,1.0,50.0
29,word_unweighted,raw,id,0.05,2000,200,1800,0,0.1,1.0,20.0
29,word_unweighted,calibrated,id,0.001,40,40,0,160,1.0,0.2,200.0
29,word_unweighted,calibrated,id,0.005,200,200,0,0,1.0,1.0,200.0
29,word_unweighted,calibrated,id,0.01,400,200,200,0,0.5,1.0,100.0
29,word_unweighted,calibrated,id,0.02,800,200,600,0,0.25,1.0,50.0
29,word_unweighted,calibrated,id,0.05,2000,200,1800,0,0.1,1.0,20.0
29,word_unweighted,raw,positive_paraphrase,0.001,40,40,0,160,1.0,0.2,200.0
29,word_unweighted,raw,positive_paraphrase,0.005,200,74,126,126,0.37,0.37,74.0
29,word_unweighted,raw,positive_paraphrase,0.01,400,127,273,73,0.3175,0.635,63.5
29,word_unweighted,raw,positive_paraphrase,0.02,800,200,600,0,0.25,1.0,50.0
29,word_unweighted,raw,positive_paraphrase,0.05,2000,200,1800,0,0.1,1.0,20.0
29,word_unweighted,calibrated,positive_paraphrase,0.001,40,40,0,160,1.0,0.2,200.0
29,word_unweighted,calibrated,positive_paraphrase,0.005,200,74,126,126,0.37,0.37,74.0
29,word_unweighted,calibrated,positive_paraphrase,0.01,400,127,273,73,0.3175,0.635,63.5
29,word_unweighted,calibrated,positive_paraphrase,0.02,800,200,600,0,0.25,1.0,50.0
29,word_unweighted,calibrated,positive_paraphrase,0.05,2000,200,1800,0,0.1,1.0,20.0
29,word_unweighted,raw,benign_context,0.001,40,0,40,200,0.0,0.0,0.0
29,word_unweighted,raw,benign_context,0.005,200,13,187,187,0.065,0.065,13.0
29,word_unweighted,raw,benign_context,0.01,400,15,385,185,0.0375,0.075,7.5
29,word_unweighted,raw,benign_context,0.02,800,20,780,180,0.025,0.1,5.0
29,word_unweighted,raw,benign_context,0.05,2000,92,1908,108,0.046,0.46,9.2
29,word_unweighted,calibrated,benign_context,0.001,40,0,40,200,0.0,0.0,0.0
29,word_unweighted,calibrated,benign_context,0.005,200,13,187,187,0.065,0.065,13.0
29,word_unweighted,calibrated,benign_context,0.01,400,15,385,185,0.0375,0.075,7.5
29,word_unweighted,calibrated,benign_context,0.02,800,20,780,180,0.025,0.1,5.0
29,word_unweighted,calibrated,benign_context,0.05,2000,92,1908,108,0.046,0.46,9.2
29,word_unweighted,raw,combined,0.001,40,0,40,200,0.0,0.0,0.0
29,word_unweighted,raw,combined,0.005,200,0,200,200,0.0,0.0,0.0
29,word_unweighted,raw,combined,0.01,400,0,400,200,0.0,0.0,0.0
29,word_unweighted,raw,combined,0.02,800,0,800,200,0.0,0.0,0.0
29,word_unweighted,raw,combined,0.05,2000,0,2000,200,0.0,0.0,0.0
29,word_unweighted,calibrated,combined,0.001,40,0,40,200,0.0,0.0,0.0
29,word_unweighted,calibrated,combined,0.005,200,0,200,200,0.0,0.0,0.0
29,word_unweighted,calibrated,combined,0.01,400,0,400,200,0.0,0.0,0.0
29,word_unweighted,calibrated,combined,0.02,800,0,800,200,0.0,0.0,0.0
29,word_unweighted,calibrated,combined,0.05,2000,0,2000,200,0.0,0.0,0.0
29,char_balanced,raw,id,0.001,40,40,0,160,1.0,0.2,200.0
29,char_balanced,raw,id,0.005,200,200,0,0,1.0,1.0,200.0
29,char_balanced,raw,id,0.01,400,200,200,0,0.5,1.0,100.0
29,char_balanced,raw,id,0.02,800,200,600,0,0.25,1.0,50.0
29,char_balanced,raw,id,0.05,2000,200,1800,0,0.1,1.0,20.0
29,char_balanced,calibrated,id,0.001,40,40,0,160,1.0,0.2,200.0
29,char_balanced,calibrated,id,0.005,200,200,0,0,1.0,1.0,200.0
29,char_balanced,calibrated,id,0.01,400,200,200,0,0.5,1.0,100.0
29,char_balanced,calibrated,id,0.02,800,200,600,0,0.25,1.0,50.0
29,char_balanced,calibrated,id,0.05,2000,200,1800,0,0.1,1.0,20.0
29,char_balanced,raw,positive_paraphrase,0.001,40,40,0,160,1.0,0.2,200.0
29,char_balanced,raw,positive_paraphrase,0.005,200,161,39,39,0.805,0.805,161.0
29,char_balanced,raw,positive_paraphrase,0.01,400,179,221,21,0.4475,0.895,89.5
29,char_balanced,raw,positive_paraphrase,0.02,800,200,600,0,0.25,1.0,50.0
29,char_balanced,raw,positive_paraphrase,0.05,2000,200,1800,0,0.1,1.0,20.0
29,char_balanced,calibrated,positive_paraphrase,0.001,40,40,0,160,1.0,0.2,200.0
29,char_balanced,calibrated,positive_paraphrase,0.005,200,161,39,39,0.805,0.805,161.0
29,char_balanced,calibrated,positive_paraphrase,0.01,400,179,221,21,0.4475,0.895,89.5
29,char_balanced,calibrated,positive_paraphrase,0.02,800,200,600,0,0.25,1.0,50.0
29,char_balanced,calibrated,positive_paraphrase,0.05,2000,200,1800,0,0.1,1.0,20.0
29,char_balanced,raw,benign_context,0.001,40,40,0,160,1.0,0.2,200.0
29,char_balanced,raw,benign_context,0.005,200,119,81,81,0.595,0.595,118.99999999999999
29,char_balanced,raw,benign_context,0.01,400,162,238,38,0.405,0.81,81.0
29,char_balanced,raw,benign_context,0.02,800,187,613,13,0.23375,0.935,46.75
29,char_balanced,raw,benign_context,0.05,2000,200,1800,0,0.1,1.0,20.0
29,char_balanced,calibrated,benign_context,0.001,40,40,0,160,1.0,0.2,200.0
29,char_balanced,calibrated,benign_context,0.005,200,119,81,81,0.595,0.595,118.99999999999999
29,char_balanced,calibrated,benign_context,0.01,400,162,238,38,0.405,0.81,81.0
29,char_balanced,calibrated,benign_context,0.02,800,187,613,13,0.23375,0.935,46.75
29,char_balanced,calibrated,benign_context,0.05,2000,200,1800,0,0.1,1.0,20.0
29,char_balanced,raw,combined,0.001,40,0,40,200,0.0,0.0,0.0
29,char_balanced,raw,combined,0.005,200,0,200,200,0.0,0.0,0.0
29,char_balanced,raw,combined,0.01,400,0,400,200,0.0,0.0,0.0
29,char_balanced,raw,combined,0.02,800,0,800,200,0.0,0.0,0.0
29,char_balanced,raw,combined,0.05,2000,0,2000,200,0.0,0.0,0.0
29,char_balanced,calibrated,combined,0.001,40,0,40,200,0.0,0.0,0.0
29,char_balanced,calibrated,combined,0.005,200,0,200,200,0.0,0.0,0.0
29,char_balanced,calibrated,combined,0.01,400,0,400,200,0.0,0.0,0.0
29,char_balanced,calibrated,combined,0.02,800,0,800,200,0.0,0.0,0.0
29,char_balanced,calibrated,combined,0.05,2000,0,2000,200,0.0,0.0,0.0
43,word_balanced,raw,id,0.001,40,40,0,160,1.0,0.2,200.0
43,word_balanced,raw,id,0.005,200,200,0,0,1.0,1.0,200.0
43,word_balanced,raw,id,0.01,400,200,200,0,0.5,1.0,100.0
43,word_balanced,raw,id,0.02,800,200,600,0,0.25,1.0,50.0
43,word_balanced,raw,id,0.05,2000,200,1800,0,0.1,1.0,20.0
43,word_balanced,calibrated,id,0.001,40,40,0,160,1.0,0.2,200.0
43,word_balanced,calibrated,id,0.005,200,200,0,0,1.0,1.0,200.0
43,word_balanced,calibrated,id,0.01,400,200,200,0,0.5,1.0,100.0
43,word_balanced,calibrated,id,0.02,800,200,600,0,0.25,1.0,50.0
43,word_balanced,calibrated,id,0.05,2000,200,1800,0,0.1,1.0,20.0
43,word_balanced,raw,positive_paraphrase,0.001,40,40,0,160,1.0,0.2,200.0
43,word_balanced,raw,positive_paraphrase,0.005,200,138,62,62,0.69,0.69,138.0
43,word_balanced,raw,positive_paraphrase,0.01,400,170,230,30,0.425,0.85,85.0
43,word_balanced,raw,positive_paraphrase,0.02,800,200,600,0,0.25,1.0,50.0
43,word_balanced,raw,positive_paraphrase,0.05,2000,200,1800,0,0.1,1.0,20.0
43,word_balanced,calibrated,positive_paraphrase,0.001,40,40,0,160,1.0,0.2,200.0
43,word_balanced,calibrated,positive_paraphrase,0.005,200,138,62,62,0.69,0.69,138.0
43,word_balanced,calibrated,positive_paraphrase,0.01,400,170,230,30,0.425,0.85,85.0
43,word_balanced,calibrated,positive_paraphrase,0.02,800,200,600,0,0.25,1.0,50.0
43,word_balanced,calibrated,positive_paraphrase,0.05,2000,200,1800,0,0.1,1.0,20.0
43,word_balanced,raw,benign_context,0.001,40,7,33,193,0.175,0.035,35.0
43,word_balanced,raw,benign_context,0.005,200,19,181,181,0.095,0.095,19.0
43,word_balanced,raw,benign_context,0.01,400,21,379,179,0.0525,0.105,10.5
43,word_balanced,raw,benign_context,0.02,800,21,779,179,0.02625,0.105,5.25
43,word_balanced,raw,benign_context,0.05,2000,98,1902,102,0.049,0.49,9.8
43,word_balanced,calibrated,benign_context,0.001,40,7,33,193,0.175,0.035,35.0
43,word_balanced,calibrated,benign_context,0.005,200,19,181,181,0.095,0.095,19.0
43,word_balanced,calibrated,benign_context,0.01,400,21,379,179,0.0525,0.105,10.5
43,word_balanced,calibrated,benign_context,0.02,800,21,779,179,0.02625,0.105,5.25
43,word_balanced,calibrated,benign_context,0.05,2000,98,1902,102,0.049,0.49,9.8
43,word_balanced,raw,combined,0.001,40,0,40,200,0.0,0.0,0.0
43,word_balanced,raw,combined,0.005,200,0,200,200,0.0,0.0,0.0
43,word_balanced,raw,combined,0.01,400,0,400,200,0.0,0.0,0.0
43,word_balanced,raw,combined,0.02,800,0,800,200,0.0,0.0,0.0
43,word_balanced,raw,combined,0.05,2000,0,2000,200,0.0,0.0,0.0
43,word_balanced,calibrated,combined,0.001,40,0,40,200,0.0,0.0,0.0
43,word_balanced,calibrated,combined,0.005,200,0,200,200,0.0,0.0,0.0
43,word_balanced,calibrated,combined,0.01,400,0,400,200,0.0,0.0,0.0
43,word_balanced,calibrated,combined,0.02,800,0,800,200,0.0,0.0,0.0
43,word_balanced,calibrated,combined,0.05,2000,0,2000,200,0.0,0.0,0.0
43,word_balanced,raw,combined_0.25,0.001,40,9,31,191,0.225,0.045,45.0
43,word_balanced,raw,combined_0.25,0.005,200,14,186,186,0.07,0.07,14.000000000000002
43,word_balanced,raw,combined_0.25,0.01,400,34,366,166,0.085,0.17,17.0
43,word_balanced,raw,combined_0.25,0.02,800,109,691,91,0.13625,0.545,27.25
43,word_balanced,raw,combined_0.25,0.05,2000,200,1800,0,0.1,1.0,20.0
43,word_balanced,calibrated,combined_0.25,0.001,40,9,31,191,0.225,0.045,45.0
43,word_balanced,calibrated,combined_0.25,0.005,200,14,186,186,0.07,0.07,14.000000000000002
43,word_balanced,calibrated,combined_0.25,0.01,400,34,366,166,0.085,0.17,17.0
43,word_balanced,calibrated,combined_0.25,0.02,800,109,691,91,0.13625,0.545,27.25
43,word_balanced,calibrated,combined_0.25,0.05,2000,200,1800,0,0.1,1.0,20.0
43,word_balanced,raw,combined_0.50,0.001,40,5,35,195,0.125,0.025,25.0
43,word_balanced,raw,combined_0.50,0.005,200,10,190,190,0.05,0.05,10.0
43,word_balanced,raw,combined_0.50,0.01,400,10,390,190,0.025,0.05,5.0
43,word_balanced,raw,combined_0.50,0.02,800,33,767,167,0.04125,0.165,8.25
43,word_balanced,raw,combined_0.50,0.05,2000,185,1815,15,0.0925,0.925,18.5
43,word_balanced,calibrated,combined_0.50,0.001,40,5,35,195,0.125,0.025,25.0
43,word_balanced,calibrated,combined_0.50,0.005,200,10,190,190,0.05,0.05,10.0
43,word_balanced,calibrated,combined_0.50,0.01,400,10,390,190,0.025,0.05,5.0
43,word_balanced,calibrated,combined_0.50,0.02,800,33,767,167,0.04125,0.165,8.25
43,word_balanced,calibrated,combined_0.50,0.05,2000,185,1815,15,0.0925,0.925,18.5
43,word_balanced,raw,combined_0.75,0.001,40,2,38,198,0.05,0.01,10.0
43,word_balanced,raw,combined_0.75,0.005,200,3,197,197,0.015,0.015,3.0
43,word_balanced,raw,combined_0.75,0.01,400,3,397,197,0.0075,0.015,1.5
43,word_balanced,raw,combined_0.75,0.02,800,3,797,197,0.00375,0.015,0.75
43,word_balanced,raw,combined_0.75,0.05,2000,38,1962,162,0.019,0.19,3.8
43,word_balanced,calibrated,combined_0.75,0.001,40,2,38,198,0.05,0.01,10.0
43,word_balanced,calibrated,combined_0.75,0.005,200,3,197,197,0.015,0.015,3.0
43,word_balanced,calibrated,combined_0.75,0.01,400,3,397,197,0.0075,0.015,1.5
43,word_balanced,calibrated,combined_0.75,0.02,800,3,797,197,0.00375,0.015,0.75
43,word_balanced,calibrated,combined_0.75,0.05,2000,38,1962,162,0.019,0.19,3.8
43,word_unweighted,raw,id,0.001,40,40,0,160,1.0,0.2,200.0
43,word_unweighted,raw,id,0.005,200,200,0,0,1.0,1.0,200.0
43,word_unweighted,raw,id,0.01,400,200,200,0,0.5,1.0,100.0
43,word_unweighted,raw,id,0.02,800,200,600,0,0.25,1.0,50.0
43,word_unweighted,raw,id,0.05,2000,200,1800,0,0.1,1.0,20.0
43,word_unweighted,calibrated,id,0.001,40,40,0,160,1.0,0.2,200.0
43,word_unweighted,calibrated,id,0.005,200,200,0,0,1.0,1.0,200.0
43,word_unweighted,calibrated,id,0.01,400,200,200,0,0.5,1.0,100.0
43,word_unweighted,calibrated,id,0.02,800,200,600,0,0.25,1.0,50.0
43,word_unweighted,calibrated,id,0.05,2000,200,1800,0,0.1,1.0,20.0
43,word_unweighted,raw,positive_paraphrase,0.001,40,40,0,160,1.0,0.2,200.0
43,word_unweighted,raw,positive_paraphrase,0.005,200,74,126,126,0.37,0.37,74.0
43,word_unweighted,raw,positive_paraphrase,0.01,400,121,279,79,0.3025,0.605,60.5
43,word_unweighted,raw,positive_paraphrase,0.02,800,200,600,0,0.25,1.0,50.0
43,word_unweighted,raw,positive_paraphrase,0.05,2000,200,1800,0,0.1,1.0,20.0
43,word_unweighted,calibrated,positive_paraphrase,0.001,40,40,0,160,1.0,0.2,200.0
43,word_unweighted,calibrated,positive_paraphrase,0.005,200,74,126,126,0.37,0.37,74.0
43,word_unweighted,calibrated,positive_paraphrase,0.01,400,121,279,79,0.3025,0.605,60.5
43,word_unweighted,calibrated,positive_paraphrase,0.02,800,200,600,0,0.25,1.0,50.0
43,word_unweighted,calibrated,positive_paraphrase,0.05,2000,200,1800,0,0.1,1.0,20.0
43,word_unweighted,raw,benign_context,0.001,40,13,27,187,0.325,0.065,65.0
43,word_unweighted,raw,benign_context,0.005,200,21,179,179,0.105,0.105,21.0
43,word_unweighted,raw,benign_context,0.01,400,21,379,179,0.0525,0.105,10.5
43,word_unweighted,raw,benign_context,0.02,800,32,768,168,0.04,0.16,8.0
43,word_unweighted,raw,benign_context,0.05,2000,111,1889,89,0.0555,0.555,11.1
43,word_unweighted,calibrated,benign_context,0.001,40,13,27,187,0.325,0.065,65.0
43,word_unweighted,calibrated,benign_context,0.005,200,21,179,179,0.105,0.105,21.0
43,word_unweighted,calibrated,benign_context,0.01,400,21,379,179,0.0525,0.105,10.5
43,word_unweighted,calibrated,benign_context,0.02,800,32,768,168,0.04,0.16,8.0
43,word_unweighted,calibrated,benign_context,0.05,2000,111,1889,89,0.0555,0.555,11.1
43,word_unweighted,raw,combined,0.001,40,0,40,200,0.0,0.0,0.0
43,word_unweighted,raw,combined,0.005,200,0,200,200,0.0,0.0,0.0
43,word_unweighted,raw,combined,0.01,400,0,400,200,0.0,0.0,0.0
43,word_unweighted,raw,combined,0.02,800,0,800,200,0.0,0.0,0.0
43,word_unweighted,raw,combined,0.05,2000,0,2000,200,0.0,0.0,0.0
43,word_unweighted,calibrated,combined,0.001,40,0,40,200,0.0,0.0,0.0
43,word_unweighted,calibrated,combined,0.005,200,0,200,200,0.0,0.0,0.0
43,word_unweighted,calibrated,combined,0.01,400,0,400,200,0.0,0.0,0.0
43,word_unweighted,calibrated,combined,0.02,800,0,800,200,0.0,0.0,0.0
43,word_unweighted,calibrated,combined,0.05,2000,0,2000,200,0.0,0.0,0.0
43,char_balanced,raw,id,0.001,40,40,0,160,1.0,0.2,200.0
43,char_balanced,raw,id,0.005,200,200,0,0,1.0,1.0,200.0
43,char_balanced,raw,id,0.01,400,200,200,0,0.5,1.0,100.0
43,char_balanced,raw,id,0.02,800,200,600,0,0.25,1.0,50.0
43,char_balanced,raw,id,0.05,2000,200,1800,0,0.1,1.0,20.0
43,char_balanced,calibrated,id,0.001,40,40,0,160,1.0,0.2,200.0
43,char_balanced,calibrated,id,0.005,200,200,0,0,1.0,1.0,200.0
43,char_balanced,calibrated,id,0.01,400,200,200,0,0.5,1.0,100.0
43,char_balanced,calibrated,id,0.02,800,200,600,0,0.25,1.0,50.0
43,char_balanced,calibrated,id,0.05,2000,200,1800,0,0.1,1.0,20.0
43,char_balanced,raw,positive_paraphrase,0.001,40,40,0,160,1.0,0.2,200.0
43,char_balanced,raw,positive_paraphrase,0.005,200,159,41,41,0.795,0.795,159.0
43,char_balanced,raw,positive_paraphrase,0.01,400,176,224,24,0.44,0.88,88.0
43,char_balanced,raw,positive_paraphrase,0.02,800,200,600,0,0.25,1.0,50.0
43,char_balanced,raw,positive_paraphrase,0.05,2000,200,1800,0,0.1,1.0,20.0
43,char_balanced,calibrated,positive_paraphrase,0.001,40,40,0,160,1.0,0.2,200.0
43,char_balanced,calibrated,positive_paraphrase,0.005,200,159,41,41,0.795,0.795,159.0
43,char_balanced,calibrated,positive_paraphrase,0.01,400,176,224,24,0.44,0.88,88.0
43,char_balanced,calibrated,positive_paraphrase,0.02,800,200,600,0,0.25,1.0,50.0
43,char_balanced,calibrated,positive_paraphrase,0.05,2000,200,1800,0,0.1,1.0,20.0
43,char_balanced,raw,benign_context,0.001,40,40,0,160,1.0,0.2,200.0
43,char_balanced,raw,benign_context,0.005,200,137,63,63,0.685,0.685,137.0
43,char_balanced,raw,benign_context,0.01,400,161,239,39,0.4025,0.805,80.5
43,char_balanced,raw,benign_context,0.02,800,184,616,16,0.23,0.92,46.0
43,char_balanced,raw,benign_context,0.05,2000,200,1800,0,0.1,1.0,20.0
43,char_balanced,calibrated,benign_context,0.001,40,40,0,160,1.0,0.2,200.0
43,char_balanced,calibrated,benign_context,0.005,200,137,63,63,0.685,0.685,137.0
43,char_balanced,calibrated,benign_context,0.01,400,161,239,39,0.4025,0.805,80.5
43,char_balanced,calibrated,benign_context,0.02,800,184,616,16,0.23,0.92,46.0
43,char_balanced,calibrated,benign_context,0.05,2000,200,1800,0,0.1,1.0,20.0
43,char_balanced,raw,combined,0.001,40,0,40,200,0.0,0.0,0.0
43,char_balanced,raw,combined,0.005,200,0,200,200,0.0,0.0,0.0
43,char_balanced,raw,combined,0.01,400,0,400,200,0.0,0.0,0.0
43,char_balanced,raw,combined,0.02,800,0,800,200,0.0,0.0,0.0
43,char_balanced,raw,combined,0.05,2000,0,2000,200,0.0,0.0,0.0
43,char_balanced,calibrated,combined,0.001,40,0,40,200,0.0,0.0,0.0
43,char_balanced,calibrated,combined,0.005,200,0,200,200,0.0,0.0,0.0
43,char_balanced,calibrated,combined,0.01,400,0,400,200,0.0,0.0,0.0
43,char_balanced,calibrated,combined,0.02,800,0,800,200,0.0,0.0,0.0
43,char_balanced,calibrated,combined,0.05,2000,0,2000,200,0.0,0.0,0.0
71,word_balanced,raw,id,0.001,40,40,0,160,1.0,0.2,200.0
71,word_balanced,raw,id,0.005,200,200,0,0,1.0,1.0,200.0
71,word_balanced,raw,id,0.01,400,200,200,0,0.5,1.0,100.0
71,word_balanced,raw,id,0.02,800,200,600,0,0.25,1.0,50.0
71,word_balanced,raw,id,0.05,2000,200,1800,0,0.1,1.0,20.0
71,word_balanced,calibrated,id,0.001,40,40,0,160,1.0,0.2,200.0
71,word_balanced,calibrated,id,0.005,200,200,0,0,1.0,1.0,200.0
71,word_balanced,calibrated,id,0.01,400,200,200,0,0.5,1.0,100.0
71,word_balanced,calibrated,id,0.02,800,200,600,0,0.25,1.0,50.0
71,word_balanced,calibrated,id,0.05,2000,200,1800,0,0.1,1.0,20.0
71,word_balanced,raw,positive_paraphrase,0.001,40,40,0,160,1.0,0.2,200.0
71,word_balanced,raw,positive_paraphrase,0.005,200,133,67,67,0.665,0.665,133.0
71,word_balanced,raw,positive_paraphrase,0.01,400,161,239,39,0.4025,0.805,80.5
71,word_balanced,raw,positive_paraphrase,0.02,800,200,600,0,0.25,1.0,50.0
71,word_balanced,raw,positive_paraphrase,0.05,2000,200,1800,0,0.1,1.0,20.0
71,word_balanced,calibrated,positive_paraphrase,0.001,40,40,0,160,1.0,0.2,200.0
71,word_balanced,calibrated,positive_paraphrase,0.005,200,133,67,67,0.665,0.665,133.0
71,word_balanced,calibrated,positive_paraphrase,0.01,400,161,239,39,0.4025,0.805,80.5
71,word_balanced,calibrated,positive_paraphrase,0.02,800,200,600,0,0.25,1.0,50.0
71,word_balanced,calibrated,positive_paraphrase,0.05,2000,200,1800,0,0.1,1.0,20.0
71,word_balanced,raw,benign_context,0.001,40,0,40,200,0.0,0.0,0.0
71,word_balanced,raw,benign_context,0.005,200,0,200,200,0.0,0.0,0.0
71,word_balanced,raw,benign_context,0.01,400,0,400,200,0.0,0.0,0.0
71,word_balanced,raw,benign_context,0.02,800,1,799,199,0.00125,0.005,0.25
71,word_balanced,raw,benign_context,0.05,2000,68,1932,132,0.034,0.34,6.800000000000001
71,word_balanced,calibrated,benign_context,0.001,40,0,40,200,0.0,0.0,0.0
71,word_balanced,calibrated,benign_context,0.005,200,0,200,200,0.0,0.0,0.0
71,word_balanced,calibrated,benign_context,0.01,400,0,400,200,0.0,0.0,0.0
71,word_balanced,calibrated,benign_context,0.02,800,1,799,199,0.00125,0.005,0.25
71,word_balanced,calibrated,benign_context,0.05,2000,68,1932,132,0.034,0.34,6.800000000000001
71,word_balanced,raw,combined,0.001,40,0,40,200,0.0,0.0,0.0
71,word_balanced,raw,combined,0.005,200,0,200,200,0.0,0.0,0.0
71,word_balanced,raw,combined,0.01,400,0,400,200,0.0,0.0,0.0
71,word_balanced,raw,combined,0.02,800,0,800,200,0.0,0.0,0.0
71,word_balanced,raw,combined,0.05,2000,0,2000,200,0.0,0.0,0.0
71,word_balanced,calibrated,combined,0.001,40,0,40,200,0.0,0.0,0.0
71,word_balanced,calibrated,combined,0.005,200,0,200,200,0.0,0.0,0.0
71,word_balanced,calibrated,combined,0.01,400,0,400,200,0.0,0.0,0.0
71,word_balanced,calibrated,combined,0.02,800,0,800,200,0.0,0.0,0.0
71,word_balanced,calibrated,combined,0.05,2000,0,2000,200,0.0,0.0,0.0
71,word_balanced,raw,combined_0.25,0.001,40,0,40,200,0.0,0.0,0.0
71,word_balanced,raw,combined_0.25,0.005,200,1,199,199,0.005,0.005,1.0
71,word_balanced,raw,combined_0.25,0.01,400,19,381,181,0.0475,0.095,9.5
71,word_balanced,raw,combined_0.25,0.02,800,128,672,72,0.16,0.64,32.0
71,word_balanced,raw,combined_0.25,0.05,2000,200,1800,0,0.1,1.0,20.0
71,word_balanced,calibrated,combined_0.25,0.001,40,0,40,200,0.0,0.0,0.0
71,word_balanced,calibrated,combined_0.25,0.005,200,1,199,199,0.005,0.005,1.0
71,word_balanced,calibrated,combined_0.25,0.01,400,19,381,181,0.0475,0.095,9.5
71,word_balanced,calibrated,combined_0.25,0.02,800,128,672,72,0.16,0.64,32.0
71,word_balanced,calibrated,combined_0.25,0.05,2000,200,1800,0,0.1,1.0,20.0
71,word_balanced,raw,combined_0.50,0.001,40,0,40,200,0.0,0.0,0.0
71,word_balanced,raw,combined_0.50,0.005,200,0,200,200,0.0,0.0,0.0
71,word_balanced,raw,combined_0.50,0.01,400,1,399,199,0.0025,0.005,0.5
71,word_balanced,raw,combined_0.50,0.02,800,15,785,185,0.01875,0.075,3.75
71,word_balanced,raw,combined_0.50,0.05,2000,181,1819,19,0.0905,0.905,18.099999999999998
71,word_balanced,calibrated,combined_0.50,0.001,40,0,40,200,0.0,0.0,0.0
71,word_balanced,calibrated,combined_0.50,0.005,200,0,200,200,0.0,0.0,0.0
71,word_balanced,calibrated,combined_0.50,0.01,400,1,399,199,0.0025,0.005,0.5
71,word_balanced,calibrated,combined_0.50,0.02,800,15,785,185,0.01875,0.075,3.75
71,word_balanced,calibrated,combined_0.50,0.05,2000,181,1819,19,0.0905,0.905,18.099999999999998
71,word_balanced,raw,combined_0.75,0.001,40,0,40,200,0.0,0.0,0.0
71,word_balanced,raw,combined_0.75,0.005,200,0,200,200,0.0,0.0,0.0
71,word_balanced,raw,combined_0.75,0.01,400,0,400,200,0.0,0.0,0.0
71,word_balanced,raw,combined_0.75,0.02,800,2,798,198,0.0025,0.01,0.5
71,word_balanced,raw,combined_0.75,0.05,2000,42,1958,158,0.021,0.21,4.2
71,word_balanced,calibrated,combined_0.75,0.001,40,0,40,200,0.0,0.0,0.0
71,word_balanced,calibrated,combined_0.75,0.005,200,0,200,200,0.0,0.0,0.0
71,word_balanced,calibrated,combined_0.75,0.01,400,0,400,200,0.0,0.0,0.0
71,word_balanced,calibrated,combined_0.75,0.02,800,2,798,198,0.0025,0.01,0.5
71,word_balanced,calibrated,combined_0.75,0.05,2000,42,1958,158,0.021,0.21,4.2
71,word_unweighted,raw,id,0.001,40,40,0,160,1.0,0.2,200.0
71,word_unweighted,raw,id,0.005,200,200,0,0,1.0,1.0,200.0
71,word_unweighted,raw,id,0.01,400,200,200,0,0.5,1.0,100.0
71,word_unweighted,raw,id,0.02,800,200,600,0,0.25,1.0,50.0
71,word_unweighted,raw,id,0.05,2000,200,1800,0,0.1,1.0,20.0
71,word_unweighted,calibrated,id,0.001,40,40,0,160,1.0,0.2,200.0
71,word_unweighted,calibrated,id,0.005,200,200,0,0,1.0,1.0,200.0
71,word_unweighted,calibrated,id,0.01,400,200,200,0,0.5,1.0,100.0
71,word_unweighted,calibrated,id,0.02,800,200,600,0,0.25,1.0,50.0
71,word_unweighted,calibrated,id,0.05,2000,200,1800,0,0.1,1.0,20.0
71,word_unweighted,raw,positive_paraphrase,0.001,40,40,0,160,1.0,0.2,200.0
71,word_unweighted,raw,positive_paraphrase,0.005,200,76,124,124,0.38,0.38,76.0
71,word_unweighted,raw,positive_paraphrase,0.01,400,107,293,93,0.2675,0.535,53.5
71,word_unweighted,raw,positive_paraphrase,0.02,800,200,600,0,0.25,1.0,50.0
71,word_unweighted,raw,positive_paraphrase,0.05,2000,200,1800,0,0.1,1.0,20.0
71,word_unweighted,calibrated,positive_paraphrase,0.001,40,40,0,160,1.0,0.2,200.0
71,word_unweighted,calibrated,positive_paraphrase,0.005,200,76,124,124,0.38,0.38,76.0
71,word_unweighted,calibrated,positive_paraphrase,0.01,400,107,293,93,0.2675,0.535,53.5
71,word_unweighted,calibrated,positive_paraphrase,0.02,800,200,600,0,0.25,1.0,50.0
71,word_unweighted,calibrated,positive_paraphrase,0.05,2000,200,1800,0,0.1,1.0,20.0
71,word_unweighted,raw,benign_context,0.001,40,0,40,200,0.0,0.0,0.0
71,word_unweighted,raw,benign_context,0.005,200,0,200,200,0.0,0.0,0.0
71,word_unweighted,raw,benign_context,0.01,400,1,399,199,0.0025,0.005,0.5
71,word_unweighted,raw,benign_context,0.02,800,18,782,182,0.0225,0.09,4.5
71,word_unweighted,raw,benign_context,0.05,2000,70,1930,130,0.035,0.35,7.000000000000001
71,word_unweighted,calibrated,benign_context,0.001,40,0,40,200,0.0,0.0,0.0
71,word_unweighted,calibrated,benign_context,0.005,200,0,200,200,0.0,0.0,0.0
71,word_unweighted,calibrated,benign_context,0.01,400,1,399,199,0.0025,0.005,0.5
71,word_unweighted,calibrated,benign_context,0.02,800,18,782,182,0.0225,0.09,4.5
71,word_unweighted,calibrated,benign_context,0.05,2000,70,1930,130,0.035,0.35,7.000000000000001
71,word_unweighted,raw,combined,0.001,40,0,40,200,0.0,0.0,0.0
71,word_unweighted,raw,combined,0.005,200,0,200,200,0.0,0.0,0.0
71,word_unweighted,raw,combined,0.01,400,0,400,200,0.0,0.0,0.0
71,word_unweighted,raw,combined,0.02,800,0,800,200,0.0,0.0,0.0
71,word_unweighted,raw,combined,0.05,2000,0,2000,200,0.0,0.0,0.0
71,word_unweighted,calibrated,combined,0.001,40,0,40,200,0.0,0.0,0.0
71,word_unweighted,calibrated,combined,0.005,200,0,200,200,0.0,0.0,0.0
71,word_unweighted,calibrated,combined,0.01,400,0,400,200,0.0,0.0,0.0
71,word_unweighted,calibrated,combined,0.02,800,0,800,200,0.0,0.0,0.0
71,word_unweighted,calibrated,combined,0.05,2000,0,2000,200,0.0,0.0,0.0
71,char_balanced,raw,id,0.001,40,40,0,160,1.0,0.2,200.0
71,char_balanced,raw,id,0.005,200,200,0,0,1.0,1.0,200.0
71,char_balanced,raw,id,0.01,400,200,200,0,0.5,1.0,100.0
71,char_balanced,raw,id,0.02,800,200,600,0,0.25,1.0,50.0
71,char_balanced,raw,id,0.05,2000,200,1800,0,0.1,1.0,20.0
71,char_balanced,calibrated,id,0.001,40,40,0,160,1.0,0.2,200.0
71,char_balanced,calibrated,id,0.005,200,200,0,0,1.0,1.0,200.0
71,char_balanced,calibrated,id,0.01,400,200,200,0,0.5,1.0,100.0
71,char_balanced,calibrated,id,0.02,800,200,600,0,0.25,1.0,50.0
71,char_balanced,calibrated,id,0.05,2000,200,1800,0,0.1,1.0,20.0
71,char_balanced,raw,positive_paraphrase,0.001,40,40,0,160,1.0,0.2,200.0
71,char_balanced,raw,positive_paraphrase,0.005,200,143,57,57,0.715,0.715,143.0
71,char_balanced,raw,positive_paraphrase,0.01,400,174,226,26,0.435,0.87,87.0
71,char_balanced,raw,positive_paraphrase,0.02,800,200,600,0,0.25,1.0,50.0
71,char_balanced,raw,positive_paraphrase,0.05,2000,200,1800,0,0.1,1.0,20.0
71,char_balanced,calibrated,positive_paraphrase,0.001,40,40,0,160,1.0,0.2,200.0
71,char_balanced,calibrated,positive_paraphrase,0.005,200,143,57,57,0.715,0.715,143.0
71,char_balanced,calibrated,positive_paraphrase,0.01,400,174,226,26,0.435,0.87,87.0
71,char_balanced,calibrated,positive_paraphrase,0.02,800,200,600,0,0.25,1.0,50.0
71,char_balanced,calibrated,positive_paraphrase,0.05,2000,200,1800,0,0.1,1.0,20.0
71,char_balanced,raw,benign_context,0.001,40,40,0,160,1.0,0.2,200.0
71,char_balanced,raw,benign_context,0.005,200,115,85,85,0.575,0.575,114.99999999999999
71,char_balanced,raw,benign_context,0.01,400,155,245,45,0.3875,0.775,77.5
71,char_balanced,raw,benign_context,0.02,800,197,603,3,0.24625,0.985,49.25
71,char_balanced,raw,benign_context,0.05,2000,200,1800,0,0.1,1.0,20.0
71,char_balanced,calibrated,benign_context,0.001,40,40,0,160,1.0,0.2,200.0
71,char_balanced,calibrated,benign_context,0.005,200,115,85,85,0.575,0.575,114.99999999999999
71,char_balanced,calibrated,benign_context,0.01,400,155,245,45,0.3875,0.775,77.5
71,char_balanced,calibrated,benign_context,0.02,800,197,603,3,0.24625,0.985,49.25
71,char_balanced,calibrated,benign_context,0.05,2000,200,1800,0,0.1,1.0,20.0
71,char_balanced,raw,combined,0.001,40,0,40,200,0.0,0.0,0.0
71,char_balanced,raw,combined,0.005,200,0,200,200,0.0,0.0,0.0
71,char_balanced,raw,combined,0.01,400,0,400,200,0.0,0.0,0.0
71,char_balanced,raw,combined,0.02,800,0,800,200,0.0,0.0,0.0
71,char_balanced,raw,combined,0.05,2000,0,2000,200,0.0,0.0,0.0
71,char_balanced,calibrated,combined,0.001,40,0,40,200,0.0,0.0,0.0
71,char_balanced,calibrated,combined,0.005,200,0,200,200,0.0,0.0,0.0
71,char_balanced,calibrated,combined,0.01,400,0,400,200,0.0,0.0,0.0
71,char_balanced,calibrated,combined,0.02,800,0,800,200,0.0,0.0,0.0
71,char_balanced,calibrated,combined,0.05,2000,0,2000,200,0.0,0.0,0.0
101,word_balanced,raw,id,0.001,40,40,0,160,1.0,0.2,200.0
101,word_balanced,raw,id,0.005,200,200,0,0,1.0,1.0,200.0
101,word_balanced,raw,id,0.01,400,200,200,0,0.5,1.0,100.0
101,word_balanced,raw,id,0.02,800,200,600,0,0.25,1.0,50.0
101,word_balanced,raw,id,0.05,2000,200,1800,0,0.1,1.0,20.0
101,word_balanced,calibrated,id,0.001,40,40,0,160,1.0,0.2,200.0
101,word_balanced,calibrated,id,0.005,200,200,0,0,1.0,1.0,200.0
101,word_balanced,calibrated,id,0.01,400,200,200,0,0.5,1.0,100.0
101,word_balanced,calibrated,id,0.02,800,200,600,0,0.25,1.0,50.0
101,word_balanced,calibrated,id,0.05,2000,200,1800,0,0.1,1.0,20.0
101,word_balanced,raw,positive_paraphrase,0.001,40,40,0,160,1.0,0.2,200.0
101,word_balanced,raw,positive_paraphrase,0.005,200,134,66,66,0.67,0.67,134.0
101,word_balanced,raw,positive_paraphrase,0.01,400,171,229,29,0.4275,0.855,85.5
101,word_balanced,raw,positive_paraphrase,0.02,800,200,600,0,0.25,1.0,50.0
101,word_balanced,raw,positive_paraphrase,0.05,2000,200,1800,0,0.1,1.0,20.0
101,word_balanced,calibrated,positive_paraphrase,0.001,40,40,0,160,1.0,0.2,200.0
101,word_balanced,calibrated,positive_paraphrase,0.005,200,134,66,66,0.67,0.67,134.0
101,word_balanced,calibrated,positive_paraphrase,0.01,400,171,229,29,0.4275,0.855,85.5
101,word_balanced,calibrated,positive_paraphrase,0.02,800,200,600,0,0.25,1.0,50.0
101,word_balanced,calibrated,positive_paraphrase,0.05,2000,200,1800,0,0.1,1.0,20.0
101,word_balanced,raw,benign_context,0.001,40,0,40,200,0.0,0.0,0.0
101,word_balanced,raw,benign_context,0.005,200,0,200,200,0.0,0.0,0.0
101,word_balanced,raw,benign_context,0.01,400,0,400,200,0.0,0.0,0.0
101,word_balanced,raw,benign_context,0.02,800,13,787,187,0.01625,0.065,3.25
101,word_balanced,raw,benign_context,0.05,2000,66,1934,134,0.033,0.33,6.6000000000000005
101,word_balanced,calibrated,benign_context,0.001,40,0,40,200,0.0,0.0,0.0
101,word_balanced,calibrated,benign_context,0.005,200,0,200,200,0.0,0.0,0.0
101,word_balanced,calibrated,benign_context,0.01,400,0,400,200,0.0,0.0,0.0
101,word_balanced,calibrated,benign_context,0.02,800,13,787,187,0.01625,0.065,3.25
101,word_balanced,calibrated,benign_context,0.05,2000,66,1934,134,0.033,0.33,6.6000000000000005
101,word_balanced,raw,combined,0.001,40,0,40,200,0.0,0.0,0.0
101,word_balanced,raw,combined,0.005,200,0,200,200,0.0,0.0,0.0
101,word_balanced,raw,combined,0.01,400,0,400,200,0.0,0.0,0.0
101,word_balanced,raw,combined,0.02,800,0,800,200,0.0,0.0,0.0
101,word_balanced,raw,combined,0.05,2000,0,2000,200,0.0,0.0,0.0
101,word_balanced,calibrated,combined,0.001,40,0,40,200,0.0,0.0,0.0
101,word_balanced,calibrated,combined,0.005,200,0,200,200,0.0,0.0,0.0
101,word_balanced,calibrated,combined,0.01,400,0,400,200,0.0,0.0,0.0
101,word_balanced,calibrated,combined,0.02,800,0,800,200,0.0,0.0,0.0
101,word_balanced,calibrated,combined,0.05,2000,0,2000,200,0.0,0.0,0.0
101,word_balanced,raw,combined_0.25,0.001,40,0,40,200,0.0,0.0,0.0
101,word_balanced,raw,combined_0.25,0.005,200,5,195,195,0.025,0.025,5.0
101,word_balanced,raw,combined_0.25,0.01,400,25,375,175,0.0625,0.125,12.5
101,word_balanced,raw,combined_0.25,0.02,800,104,696,96,0.13,0.52,26.0
101,word_balanced,raw,combined_0.25,0.05,2000,200,1800,0,0.1,1.0,20.0
101,word_balanced,calibrated,combined_0.25,0.001,40,0,40,200,0.0,0.0,0.0
101,word_balanced,calibrated,combined_0.25,0.005,200,5,195,195,0.025,0.025,5.0
101,word_balanced,calibrated,combined_0.25,0.01,400,25,375,175,0.0625,0.125,12.5
101,word_balanced,calibrated,combined_0.25,0.02,800,104,696,96,0.13,0.52,26.0
101,word_balanced,calibrated,combined_0.25,0.05,2000,200,1800,0,0.1,1.0,20.0
101,word_balanced,raw,combined_0.50,0.001,40,0,40,200,0.0,0.0,0.0
101,word_balanced,raw,combined_0.50,0.005,200,0,200,200,0.0,0.0,0.0
101,word_balanced,raw,combined_0.50,0.01,400,5,395,195,0.0125,0.025,2.5
101,word_balanced,raw,combined_0.50,0.02,800,15,785,185,0.01875,0.075,3.75
101,word_balanced,raw,combined_0.50,0.05,2000,184,1816,16,0.092,0.92,18.4
101,word_balanced,calibrated,combined_0.50,0.001,40,0,40,200,0.0,0.0,0.0
101,word_balanced,calibrated,combined_0.50,0.005,200,0,200,200,0.0,0.0,0.0
101,word_balanced,calibrated,combined_0.50,0.01,400,5,395,195,0.0125,0.025,2.5
101,word_balanced,calibrated,combined_0.50,0.02,800,15,785,185,0.01875,0.075,3.75
101,word_balanced,calibrated,combined_0.50,0.05,2000,184,1816,16,0.092,0.92,18.4
101,word_balanced,raw,combined_0.75,0.001,40,0,40,200,0.0,0.0,0.0
101,word_balanced,raw,combined_0.75,0.005,200,0,200,200,0.0,0.0,0.0
101,word_balanced,raw,combined_0.75,0.01,400,0,400,200,0.0,0.0,0.0
101,word_balanced,raw,combined_0.75,0.02,800,6,794,194,0.0075,0.03,1.5
101,word_balanced,raw,combined_0.75,0.05,2000,27,1973,173,0.0135,0.135,2.6999999999999997
101,word_balanced,calibrated,combined_0.75,0.001,40,0,40,200,0.0,0.0,0.0
101,word_balanced,calibrated,combined_0.75,0.005,200,0,200,200,0.0,0.0,0.0
101,word_balanced,calibrated,combined_0.75,0.01,400,0,400,200,0.0,0.0,0.0
101,word_balanced,calibrated,combined_0.75,0.02,800,6,794,194,0.0075,0.03,1.5
101,word_balanced,calibrated,combined_0.75,0.05,2000,27,1973,173,0.0135,0.135,2.6999999999999997
101,word_unweighted,raw,id,0.001,40,40,0,160,1.0,0.2,200.0
101,word_unweighted,raw,id,0.005,200,200,0,0,1.0,1.0,200.0
101,word_unweighted,raw,id,0.01,400,200,200,0,0.5,1.0,100.0
101,word_unweighted,raw,id,0.02,800,200,600,0,0.25,1.0,50.0
101,word_unweighted,raw,id,0.05,2000,200,1800,0,0.1,1.0,20.0
101,word_unweighted,calibrated,id,0.001,40,40,0,160,1.0,0.2,200.0
101,word_unweighted,calibrated,id,0.005,200,200,0,0,1.0,1.0,200.0
101,word_unweighted,calibrated,id,0.01,400,200,200,0,0.5,1.0,100.0
101,word_unweighted,calibrated,id,0.02,800,200,600,0,0.25,1.0,50.0
101,word_unweighted,calibrated,id,0.05,2000,200,1800,0,0.1,1.0,20.0
101,word_unweighted,raw,positive_paraphrase,0.001,40,40,0,160,1.0,0.2,200.0
101,word_unweighted,raw,positive_paraphrase,0.005,200,69,131,131,0.345,0.345,69.0
101,word_unweighted,raw,positive_paraphrase,0.01,400,129,271,71,0.3225,0.645,64.5
101,word_unweighted,raw,positive_paraphrase,0.02,800,200,600,0,0.25,1.0,50.0
101,word_unweighted,raw,positive_paraphrase,0.05,2000,200,1800,0,0.1,1.0,20.0
101,word_unweighted,calibrated,positive_paraphrase,0.001,40,40,0,160,1.0,0.2,200.0
101,word_unweighted,calibrated,positive_paraphrase,0.005,200,69,131,131,0.345,0.345,69.0
101,word_unweighted,calibrated,positive_paraphrase,0.01,400,129,271,71,0.3225,0.645,64.5
101,word_unweighted,calibrated,positive_paraphrase,0.02,800,200,600,0,0.25,1.0,50.0
101,word_unweighted,calibrated,positive_paraphrase,0.05,2000,200,1800,0,0.1,1.0,20.0
101,word_unweighted,raw,benign_context,0.001,40,0,40,200,0.0,0.0,0.0
101,word_unweighted,raw,benign_context,0.005,200,0,200,200,0.0,0.0,0.0
101,word_unweighted,raw,benign_context,0.01,400,7,393,193,0.0175,0.035,3.5000000000000004
101,word_unweighted,raw,benign_context,0.02,800,41,759,159,0.05125,0.205,10.25
101,word_unweighted,raw,benign_context,0.05,2000,92,1908,108,0.046,0.46,9.2
101,word_unweighted,calibrated,benign_context,0.001,40,0,40,200,0.0,0.0,0.0
101,word_unweighted,calibrated,benign_context,0.005,200,0,200,200,0.0,0.0,0.0
101,word_unweighted,calibrated,benign_context,0.01,400,7,393,193,0.0175,0.035,3.5000000000000004
101,word_unweighted,calibrated,benign_context,0.02,800,41,759,159,0.05125,0.205,10.25
101,word_unweighted,calibrated,benign_context,0.05,2000,92,1908,108,0.046,0.46,9.2
101,word_unweighted,raw,combined,0.001,40,0,40,200,0.0,0.0,0.0
101,word_unweighted,raw,combined,0.005,200,0,200,200,0.0,0.0,0.0
101,word_unweighted,raw,combined,0.01,400,0,400,200,0.0,0.0,0.0
101,word_unweighted,raw,combined,0.02,800,0,800,200,0.0,0.0,0.0
101,word_unweighted,raw,combined,0.05,2000,0,2000,200,0.0,0.0,0.0
101,word_unweighted,calibrated,combined,0.001,40,0,40,200,0.0,0.0,0.0
101,word_unweighted,calibrated,combined,0.005,200,0,200,200,0.0,0.0,0.0
101,word_unweighted,calibrated,combined,0.01,400,0,400,200,0.0,0.0,0.0
101,word_unweighted,calibrated,combined,0.02,800,0,800,200,0.0,0.0,0.0
101,word_unweighted,calibrated,combined,0.05,2000,0,2000,200,0.0,0.0,0.0
101,char_balanced,raw,id,0.001,40,40,0,160,1.0,0.2,200.0
101,char_balanced,raw,id,0.005,200,200,0,0,1.0,1.0,200.0
101,char_balanced,raw,id,0.01,400,200,200,0,0.5,1.0,100.0
101,char_balanced,raw,id,0.02,800,200,600,0,0.25,1.0,50.0
101,char_balanced,raw,id,0.05,2000,200,1800,0,0.1,1.0,20.0
101,char_balanced,calibrated,id,0.001,40,40,0,160,1.0,0.2,200.0
101,char_balanced,calibrated,id,0.005,200,200,0,0,1.0,1.0,200.0
101,char_balanced,calibrated,id,0.01,400,200,200,0,0.5,1.0,100.0
101,char_balanced,calibrated,id,0.02,800,200,600,0,0.25,1.0,50.0
101,char_balanced,calibrated,id,0.05,2000,200,1800,0,0.1,1.0,20.0
101,char_balanced,raw,positive_paraphrase,0.001,40,40,0,160,1.0,0.2,200.0
101,char_balanced,raw,positive_paraphrase,0.005,200,143,57,57,0.715,0.715,143.0
101,char_balanced,raw,positive_paraphrase,0.01,400,180,220,20,0.45,0.9,90.0
101,char_balanced,raw,positive_paraphrase,0.02,800,200,600,0,0.25,1.0,50.0
101,char_balanced,raw,positive_paraphrase,0.05,2000,200,1800,0,0.1,1.0,20.0
101,char_balanced,calibrated,positive_paraphrase,0.001,40,40,0,160,1.0,0.2,200.0
101,char_balanced,calibrated,positive_paraphrase,0.005,200,143,57,57,0.715,0.715,143.0
101,char_balanced,calibrated,positive_paraphrase,0.01,400,180,220,20,0.45,0.9,90.0
101,char_balanced,calibrated,positive_paraphrase,0.02,800,200,600,0,0.25,1.0,50.0
101,char_balanced,calibrated,positive_paraphrase,0.05,2000,200,1800,0,0.1,1.0,20.0
101,char_balanced,raw,benign_context,0.001,40,40,0,160,1.0,0.2,200.0
101,char_balanced,raw,benign_context,0.005,200,117,83,83,0.585,0.585,116.99999999999999
101,char_balanced,raw,benign_context,0.01,400,151,249,49,0.3775,0.755,75.5
101,char_balanced,raw,benign_context,0.02,800,196,604,4,0.245,0.98,49.0
101,char_balanced,raw,benign_context,0.05,2000,200,1800,0,0.1,1.0,20.0
101,char_balanced,calibrated,benign_context,0.001,40,40,0,160,1.0,0.2,200.0
101,char_balanced,calibrated,benign_context,0.005,200,117,83,83,0.585,0.585,116.99999999999999
101,char_balanced,calibrated,benign_context,0.01,400,151,249,49,0.3775,0.755,75.5
101,char_balanced,calibrated,benign_context,0.02,800,196,604,4,0.245,0.98,49.0
101,char_balanced,calibrated,benign_context,0.05,2000,200,1800,0,0.1,1.0,20.0
101,char_balanced,raw,combined,0.001,40,0,40,200,0.0,0.0,0.0
101,char_balanced,raw,combined,0.005,200,0,200,200,0.0,0.0,0.0
101,char_balanced,raw,combined,0.01,400,0,400,200,0.0,0.0,0.0
101,char_balanced,raw,combined,0.02,800,0,800,200,0.0,0.0,0.0
101,char_balanced,raw,combined,0.05,2000,0,2000,200,0.0,0.0,0.0
101,char_balanced,calibrated,combined,0.001,40,0,40,200,0.0,0.0,0.0
101,char_balanced,calibrated,combined,0.005,200,0,200,200,0.0,0.0,0.0
101,char_balanced,calibrated,combined,0.01,400,0,400,200,0.0,0.0,0.0
101,char_balanced,calibrated,combined,0.02,800,0,800,200,0.0,0.0,0.0
101,char_balanced,calibrated,combined,0.05,2000,0,2000,200,0.0,0.0,0.0
