seed,id,id_reviewed,shift_reviewed
17,test-4017-60,1,0
17,test-4017-216,1,0
17,test-4017-337,1,0
17,test-4017-585,1,0
17,test-4017-601,1,0
17,test-4017-1600,1,0
17,test-4017-1657,1,0
17,test-4017-1919,1,0
17,test-4017-2152,1,0
17,test-4017-2196,1,0
17,test-4017-2643,1,0
17,test-4017-2767,1,0
17,test-4017-2808,1,0
17,test-4017-3065,1,0
17,test-4017-3239,1,0
17,test-4017-3660,1,0
17,test-4017-3738,1,0
17,test-4017-3960,1,0
17,test-4017-3996,1,0
17,test-4017-4012,1,0
17,test-4017-4123,1,0
17,test-4017-4177,1,0
17,test-4017-4465,1,0
17,test-4017-4484,1,0
17,test-4017-4767,1,0
17,test-4017-4814,1,0
17,test-4017-4858,1,0
17,test-4017-4871,1,0
17,test-4017-5153,1,0
17,test-4017-5412,1,0
17,test-4017-5462,1,0
17,test-4017-5668,1,0
17,test-4017-5699,1,0
17,test-4017-6065,1,0
17,test-4017-6311,1,0
17,test-4017-6406,1,0
17,test-4017-6510,1,0
17,test-4017-6544,1,0
17,test-4017-6783,1,0
17,test-4017-6857,1,0
17,test-4017-6895,1,0
17,test-4017-6998,1,0
17,test-4017-7189,1,0
17,test-4017-7211,1,0
17,test-4017-7255,1,0
17,test-4017-7658,1,0
17,test-4017-7691,1,0
17,test-4017-7983,1,0
17,test-4017-8337,1,0
17,test-4017-8413,1,0
17,test-4017-8701,1,0
17,test-4017-8860,1,0
17,test-4017-8881,1,0
17,test-4017-9094,1,0
17,test-4017-9188,1,0
17,test-4017-9285,1,0
17,test-4017-9377,1,0
17,test-4017-9393,1,0
17,test-4017-9439,1,0
17,test-4017-9496,1,0
17,test-4017-9867,1,0
17,test-4017-9873,1,0
17,test-4017-10082,1,0
17,test-4017-10146,1,0
17,test-4017-10263,1,0
17,test-4017-10830,1,0
17,test-4017-10942,1,0
17,test-4017-11000,1,0
17,test-4017-11140,1,0
17,test-4017-11150,1,0
17,test-4017-11962,1,0
17,test-4017-12246,1,0
17,test-4017-12359,1,0
17,test-4017-12482,1,0
17,test-4017-13063,1,0
17,test-4017-13086,1,0
17,test-4017-13250,1,0
17,test-4017-13272,1,0
17,test-4017-13862,1,0
17,test-4017-13951,1,0
17,test-4017-13954,1,0
17,test-4017-14064,1,0
17,test-4017-14388,1,0
17,test-4017-14558,1,0
17,test-4017-14612,1,0
17,test-4017-14849,1,0
17,test-4017-14957,1,0
17,test-4017-15160,1,0
17,test-4017-15434,1,0
17,test-4017-15457,1,0
17,test-4017-15527,1,0
17,test-4017-16067,1,0
17,test-4017-16170,1,0
17,test-4017-16366,1,0
17,test-4017-16492,1,0
17,test-4017-17876,1,0
17,test-4017-18873,1,0
17,test-4017-19386,1,0
17,test-4017-19458,1,0
17,test-4017-19820,1,0
17,test-4017-20023,1,0
17,test-4017-20104,1,0
17,test-4017-20511,1,0
17,test-4017-20873,1,0
17,test-4017-21124,1,0
17,test-4017-21197,1,0
17,test-4017-21213,1,0
17,test-4017-21265,1,0
17,test-4017-21358,1,0
17,test-4017-21520,1,0
17,test-4017-21899,1,0
17,test-4017-22143,1,0
17,test-4017-22195,1,0
17,test-4017-22262,1,0
17,test-4017-22380,1,0
17,test-4017-22384,1,0
17,test-4017-22638,1,0
17,test-4017-22674,1,0
17,test-4017-22753,1,0
17,test-4017-22940,1,0
17,test-4017-22979,1,0
17,test-4017-23101,1,0
17,test-4017-23256,1,0
17,test-4017-23531,1,0
17,test-4017-23849,1,0
17,test-4017-23892,1,0
17,test-4017-24057,1,0
17,test-4017-24108,1,0
17,test-4017-24478,1,0
17,test-4017-24503,1,0
17,test-4017-25014,1,0
17,test-4017-25367,1,0
17,test-4017-25373,1,0
17,test-4017-25936,1,0
17,test-4017-26031,1,0
17,test-4017-26681,1,0
17,test-4017-26733,1,0
17,test-4017-26802,1,0
17,test-4017-26886,1,0
17,test-4017-26916,1,0
17,test-4017-27088,1,0
17,test-4017-27241,1,0
17,test-4017-27524,1,0
17,test-4017-27693,1,0
17,test-4017-28060,1,0
17,test-4017-28173,1,0
17,test-4017-28510,1,0
17,test-4017-29001,1,0
17,test-4017-29106,1,0
17,test-4017-29128,1,0
17,test-4017-29201,1,0
17,test-4017-29426,1,0
17,test-4017-29659,1,0
17,test-4017-29836,1,0
17,test-4017-29874,1,0
17,test-4017-30202,1,0
17,test-4017-30264,1,0
17,test-4017-30686,1,0
17,test-4017-31188,1,0
17,test-4017-31464,1,0
17,test-4017-31721,1,0
17,test-4017-31921,1,0
17,test-4017-32446,1,0
17,test-4017-32564,1,0
17,test-4017-32699,1,0
17,test-4017-32857,1,0
17,test-4017-32922,1,0
17,test-4017-33163,1,0
17,test-4017-33489,1,0
17,test-4017-34039,1,0
17,test-4017-34281,1,0
17,test-4017-34745,1,0
17,test-4017-34826,1,0
17,test-4017-34833,1,0
17,test-4017-34839,1,0
17,test-4017-35106,1,0
17,test-4017-35324,1,0
17,test-4017-35476,1,0
17,test-4017-35578,1,0
17,test-4017-35640,1,0
17,test-4017-35670,1,0
17,test-4017-35786,1,0
17,test-4017-35937,1,0
17,test-4017-35945,1,0
17,test-4017-35957,1,0
17,test-4017-36356,1,0
17,test-4017-36580,1,0
17,test-4017-37006,1,0
17,test-4017-37100,1,0
17,test-4017-37204,1,0
17,test-4017-38457,1,0
17,test-4017-38628,1,0
17,test-4017-38999,1,0
17,test-4017-39164,1,0
17,test-4017-39358,1,0
17,test-4017-39448,1,0
17,test-4017-39450,1,0
17,test-4017-39593,1,0
17,test-4017-39608,1,0
17,test-4017-39893,1,0
29,test-4029-111,1,0
29,test-4029-116,1,0
29,test-4029-369,1,0
29,test-4029-373,1,0
29,test-4029-377,1,0
29,test-4029-805,1,0
29,test-4029-1158,1,0
29,test-4029-1245,1,0
29,test-4029-1819,1,0
29,test-4029-1830,1,0
29,test-4029-1881,1,0
29,test-4029-2112,1,0
29,test-4029-2202,1,0
29,test-4029-2262,1,0
29,test-4029-2543,1,0
29,test-4029-2599,1,0
29,test-4029-2785,1,0
29,test-4029-2875,1,0
29,test-4029-2993,1,0
29,test-4029-3065,1,0
29,test-4029-3790,1,0
29,test-4029-4248,1,0
29,test-4029-4807,1,0
29,test-4029-4909,1,0
29,test-4029-5114,1,0
29,test-4029-5137,1,0
29,test-4029-5432,1,0
29,test-4029-5540,1,0
29,test-4029-5701,1,0
29,test-4029-5750,1,0
29,test-4029-6355,1,0
29,test-4029-6405,1,0
29,test-4029-6804,1,0
29,test-4029-6839,1,0
29,test-4029-6968,1,0
29,test-4029-7200,1,0
29,test-4029-7210,1,0
29,test-4029-7356,1,0
29,test-4029-7532,1,0
29,test-4029-8055,1,0
29,test-4029-8182,1,0
29,test-4029-8567,1,0
29,test-4029-8612,1,0
29,test-4029-8853,1,0
29,test-4029-8872,1,0
29,test-4029-8936,1,0
29,test-4029-9510,1,0
29,test-4029-9613,1,0
29,test-4029-9691,1,0
29,test-4029-9995,1,0
29,test-4029-10050,1,0
29,test-4029-10080,1,0
29,test-4029-10115,1,0
29,test-4029-10197,1,0
29,test-4029-10425,1,0
29,test-4029-10521,1,0
29,test-4029-10808,1,0
29,test-4029-10968,1,0
29,test-4029-10995,1,0
29,test-4029-11178,1,0
29,test-4029-11272,1,0
29,test-4029-11433,1,0
29,test-4029-11546,1,0
29,test-4029-11871,1,0
29,test-4029-11907,1,0
29,test-4029-12088,1,0
29,test-4029-12206,1,0
29,test-4029-12216,1,0
29,test-4029-12620,1,0
29,test-4029-12643,1,0
29,test-4029-13213,1,0
29,test-4029-13926,1,0
29,test-4029-14066,1,0
29,test-4029-14518,1,0
29,test-4029-14859,1,0
29,test-4029-15883,1,0
29,test-4029-15895,1,0
29,test-4029-15918,1,0
29,test-4029-16126,1,0
29,test-4029-16596,1,0
29,test-4029-16742,1,0
29,test-4029-16753,1,0
29,test-4029-17015,1,0
29,test-4029-17103,1,0
29,test-4029-17106,1,0
29,test-4029-17151,1,0
29,test-4029-17287,1,0
29,test-4029-17457,1,0
29,test-4029-17469,1,0
29,test-4029-18201,1,0
29,test-4029-18275,1,0
29,test-4029-18369,1,0
29,test-4029-18624,1,0
29,test-4029-18700,1,0
29,test-4029-18873,1,0
29,test-4029-19084,1,0
29,test-4029-19115,1,0
29,test-4029-19122,1,0
29,test-4029-19423,1,0
29,test-4029-19781,1,0
29,test-4029-19872,1,0
29,test-4029-19962,1,0
29,test-4029-20014,1,0
29,test-4029-20256,1,0
29,test-4029-20605,1,0
29,test-4029-21008,1,0
29,test-4029-21015,1,0
29,test-4029-21021,1,0
29,test-4029-21090,1,0
29,test-4029-21143,1,0
29,test-4029-21297,1,0
29,test-4029-21357,1,0
29,test-4029-21415,1,0
29,test-4029-21459,1,0
29,test-4029-21648,1,0
29,test-4029-21856,1,0
29,test-4029-22181,1,0
29,test-4029-22224,1,0
29,test-4029-22445,1,0
29,test-4029-23200,1,0
29,test-4029-23520,1,0
29,test-4029-23525,1,0
29,test-4029-23643,1,0
29,test-4029-23713,1,0
29,test-4029-23793,1,0
29,test-4029-23813,1,0
29,test-4029-23849,1,0
29,test-4029-24092,1,0
29,test-4029-24141,1,0
29,test-4029-24349,1,0
29,test-4029-24394,1,0
29,test-4029-24921,1,0
29,test-4029-25969,1,0
29,test-4029-26041,1,0
29,test-4029-26266,1,0
29,test-4029-26960,1,0
29,test-4029-27215,1,0
29,test-4029-27348,1,0
29,test-4029-27562,1,0
29,test-4029-27685,1,0
29,test-4029-27963,1,0
29,test-4029-28161,1,0
29,test-4029-28299,1,0
29,test-4029-28447,1,0
29,test-4029-28597,1,0
29,test-4029-28956,1,0
29,test-4029-29191,1,0
29,test-4029-29389,1,0
29,test-4029-29477,1,0
29,test-4029-29716,1,0
29,test-4029-29877,1,0
29,test-4029-30135,1,0
29,test-4029-30152,1,0
29,test-4029-30233,1,0
29,test-4029-30499,1,0
29,test-4029-30584,1,0
29,test-4029-30682,1,0
29,test-4029-30969,1,0
29,test-4029-31373,1,0
29,test-4029-31758,1,0
29,test-4029-32001,1,0
29,test-4029-32072,1,0
29,test-4029-32277,1,0
29,test-4029-32325,1,0
29,test-4029-32346,1,0
29,test-4029-32484,1,0
29,test-4029-33056,1,0
29,test-4029-33298,1,0
29,test-4029-33495,1,0
29,test-4029-33531,1,0
29,test-4029-33560,1,0
29,test-4029-33658,1,0
29,test-4029-33783,1,0
29,test-4029-33907,1,0
29,test-4029-34057,1,0
29,test-4029-34152,1,0
29,test-4029-34155,1,0
29,test-4029-34620,1,0
29,test-4029-34825,1,0
29,test-4029-35381,1,0
29,test-4029-35511,1,0
29,test-4029-35530,1,0
29,test-4029-35532,1,0
29,test-4029-35698,1,0
29,test-4029-35734,1,0
29,test-4029-35759,1,0
29,test-4029-35817,1,0
29,test-4029-36624,1,0
29,test-4029-37684,1,0
29,test-4029-37712,1,0
29,test-4029-37852,1,0
29,test-4029-38109,1,0
29,test-4029-38362,1,0
29,test-4029-38432,1,0
29,test-4029-38460,1,0
29,test-4029-38774,1,0
29,test-4029-39118,1,0
29,test-4029-39350,1,0
29,test-4029-39372,1,0
29,test-4029-39503,1,0
43,test-4043-140,1,0
43,test-4043-203,1,0
43,test-4043-244,1,0
43,test-4043-318,1,0
43,test-4043-342,1,0
43,test-4043-345,1,0
43,test-4043-522,1,0
43,test-4043-692,1,0
43,test-4043-741,1,0
43,test-4043-748,1,0
43,test-4043-759,1,0
43,test-4043-1586,1,0
43,test-4043-1612,1,0
43,test-4043-2233,1,0
43,test-4043-2497,1,0
43,test-4043-2562,1,0
43,test-4043-2935,1,0
43,test-4043-3802,1,0
43,test-4043-4102,1,0
43,test-4043-4590,1,0
43,test-4043-4633,1,0
43,test-4043-4751,1,0
43,test-4043-4941,1,0
43,test-4043-4950,1,0
43,test-4043-5059,1,0
43,test-4043-5280,1,0
43,test-4043-5352,1,0
43,test-4043-5634,1,0
43,test-4043-5861,1,0
43,test-4043-6016,1,0
43,test-4043-6053,1,0
43,test-4043-6120,1,0
43,test-4043-6318,1,0
43,test-4043-6531,1,0
43,test-4043-6616,1,0
43,test-4043-6949,1,0
43,test-4043-6977,1,0
43,test-4043-7540,1,0
43,test-4043-7629,1,0
43,test-4043-7810,1,0
43,test-4043-7825,1,0
43,test-4043-7885,1,0
43,test-4043-7946,1,0
43,test-4043-8175,1,0
43,test-4043-8334,1,0
43,test-4043-8394,1,0
43,test-4043-8395,1,0
43,test-4043-8467,1,0
43,test-4043-9163,1,0
43,test-4043-9399,1,0
43,test-4043-9708,1,0
43,test-4043-9966,1,0
43,test-4043-10139,1,0
43,test-4043-10511,1,0
43,test-4043-10597,1,0
43,test-4043-10610,1,0
43,test-4043-10639,1,0
43,test-4043-11064,1,0
43,test-4043-11099,1,0
43,test-4043-11108,1,0
43,test-4043-11589,1,0
43,test-4043-11648,1,0
43,test-4043-11833,1,0
43,test-4043-11952,1,0
43,test-4043-12106,1,0
43,test-4043-12208,1,0
43,test-4043-12658,1,0
43,test-4043-12788,1,0
43,test-4043-12900,1,0
43,test-4043-13073,1,0
43,test-4043-13226,1,0
43,test-4043-13275,1,0
43,test-4043-13659,1,0
43,test-4043-13811,1,0
43,test-4043-13840,1,0
43,test-4043-13977,1,0
43,test-4043-14062,1,0
43,test-4043-14103,1,0
43,test-4043-14555,1,0
43,test-4043-14569,1,0
43,test-4043-14930,1,0
43,test-4043-14962,1,0
43,test-4043-15261,1,0
43,test-4043-15325,1,0
43,test-4043-15343,1,0
43,test-4043-15349,1,0
43,test-4043-15475,1,0
43,test-4043-15566,1,0
43,test-4043-16241,1,0
43,test-4043-16870,1,0
43,test-4043-17050,1,0
43,test-4043-17108,1,0
43,test-4043-17179,1,0
43,test-4043-17384,1,0
43,test-4043-17555,1,0
43,test-4043-17966,1,0
43,test-4043-18383,1,0
43,test-4043-18415,1,0
43,test-4043-18499,1,0
43,test-4043-18774,1,0
43,test-4043-18873,1,0
43,test-4043-19010,1,0
43,test-4043-19013,1,0
43,test-4043-19201,1,0
43,test-4043-19391,1,0
43,test-4043-20033,1,0
43,test-4043-20293,1,0
43,test-4043-20336,1,0
43,test-4043-20426,1,0
43,test-4043-20900,1,0
43,test-4043-20954,1,0
43,test-4043-21008,1,0
43,test-4043-21079,1,0
43,test-4043-21201,1,0
43,test-4043-21211,1,0
43,test-4043-21525,1,0
43,test-4043-21529,1,0
43,test-4043-22058,1,0
43,test-4043-22085,1,0
43,test-4043-22110,1,0
43,test-4043-22376,1,0
43,test-4043-22488,1,0
43,test-4043-23181,1,0
43,test-4043-23374,1,0
43,test-4043-23401,1,0
43,test-4043-23724,1,0
43,test-4043-24216,1,0
43,test-4043-24285,1,0
43,test-4043-24359,1,0
43,test-4043-24654,1,0
43,test-4043-26124,1,0
43,test-4043-26454,1,0
43,test-4043-26738,1,0
43,test-4043-26744,1,0
43,test-4043-26912,1,0
43,test-4043-27394,1,0
43,test-4043-27508,1,0
43,test-4043-27582,1,0
43,test-4043-27716,1,0
43,test-4043-27780,1,0
43,test-4043-27882,1,0
43,test-4043-27965,1,0
43,test-4043-28150,1,0
43,test-4043-28211,1,0
43,test-4043-28378,1,0
43,test-4043-28466,1,0
43,test-4043-28613,1,0
43,test-4043-28708,1,0
43,test-4043-28777,1,0
43,test-4043-28794,1,0
43,test-4043-29358,1,0
43,test-4043-29917,1,0
43,test-4043-30007,1,0
43,test-4043-30196,1,0
43,test-4043-30775,1,0
43,test-4043-31035,1,0
43,test-4043-31079,1,0
43,test-4043-31277,1,0
43,test-4043-31366,1,0
43,test-4043-31599,1,0
43,test-4043-31721,1,0
43,test-4043-32091,1,0
43,test-4043-32248,1,0
43,test-4043-32454,1,0
43,test-4043-32471,1,0
43,test-4043-32653,1,0
43,test-4043-32795,1,0
43,test-4043-32885,1,0
43,test-4043-32980,1,0
43,test-4043-32998,1,0
43,test-4043-33243,1,0
43,test-4043-33705,1,0
43,test-4043-33789,1,0
43,test-4043-33974,1,0
43,test-4043-34227,1,0
43,test-4043-34335,1,0
43,test-4043-34503,1,0
43,test-4043-34630,1,0
43,test-4043-34634,1,0
43,test-4043-35002,1,0
43,test-4043-35270,1,0
43,test-4043-35747,1,0
43,test-4043-36211,1,0
43,test-4043-36599,1,0
43,test-4043-36732,1,0
43,test-4043-36793,1,0
43,test-4043-37040,1,0
43,test-4043-37067,1,0
43,test-4043-37457,1,0
43,test-4043-37745,1,0
43,test-4043-37953,1,0
43,test-4043-38765,1,0
43,test-4043-39014,1,0
43,test-4043-39119,1,0
43,test-4043-39149,1,0
43,test-4043-39298,1,0
43,test-4043-39482,1,0
43,test-4043-39536,1,0
43,test-4043-39575,1,0
43,test-4043-39895,1,0
71,test-4071-377,1,0
71,test-4071-824,1,0
71,test-4071-1186,1,0
71,test-4071-1207,1,0
71,test-4071-1632,1,0
71,test-4071-1707,1,0
71,test-4071-1745,1,0
71,test-4071-2017,1,0
71,test-4071-2154,1,0
71,test-4071-2228,1,0
71,test-4071-2230,1,0
71,test-4071-2263,1,0
71,test-4071-2640,1,0
71,test-4071-3141,1,0
71,test-4071-3166,1,0
71,test-4071-3325,1,0
71,test-4071-3459,1,0
71,test-4071-3547,1,0
71,test-4071-3594,1,0
71,test-4071-3687,1,0
71,test-4071-3739,1,0
71,test-4071-3769,1,0
71,test-4071-4148,1,0
71,test-4071-4672,1,0
71,test-4071-4732,1,0
71,test-4071-4818,1,0
71,test-4071-5206,1,0
71,test-4071-5252,1,0
71,test-4071-5355,1,0
71,test-4071-6399,1,0
71,test-4071-6489,1,0
71,test-4071-6585,1,0
71,test-4071-6706,1,0
71,test-4071-6773,1,0
71,test-4071-6807,1,0
71,test-4071-6950,1,0
71,test-4071-7165,1,0
71,test-4071-7719,1,0
71,test-4071-7941,1,0
71,test-4071-8337,1,0
71,test-4071-8400,1,0
71,test-4071-8430,1,0
71,test-4071-8460,1,0
71,test-4071-8518,1,0
71,test-4071-8794,1,0
71,test-4071-9074,1,0
71,test-4071-9465,1,0
71,test-4071-9698,1,0
71,test-4071-9849,1,0
71,test-4071-9956,1,0
71,test-4071-9991,1,0
71,test-4071-10026,1,0
71,test-4071-10325,1,0
71,test-4071-10412,1,0
71,test-4071-11117,1,0
71,test-4071-11344,1,0
71,test-4071-11855,1,0
71,test-4071-11919,1,0
71,test-4071-12040,1,0
71,test-4071-12226,1,0
71,test-4071-12294,1,0
71,test-4071-12475,1,0
71,test-4071-12560,1,0
71,test-4071-12671,1,0
71,test-4071-12947,1,0
71,test-4071-13000,1,0
71,test-4071-13592,1,0
71,test-4071-13649,1,0
71,test-4071-14204,1,0
71,test-4071-14371,1,0
71,test-4071-14378,1,0
71,test-4071-14500,1,0
71,test-4071-14727,1,0
71,test-4071-14748,1,0
71,test-4071-15338,1,0
71,test-4071-15462,1,0
71,test-4071-15821,1,0
71,test-4071-16185,1,0
71,test-4071-16344,1,0
71,test-4071-16400,1,0
71,test-4071-16527,1,0
71,test-4071-17033,1,0
71,test-4071-17278,1,0
71,test-4071-17530,1,0
71,test-4071-17720,1,0
71,test-4071-17819,1,0
71,test-4071-17865,1,0
71,test-4071-18007,1,0
71,test-4071-18040,1,0
71,test-4071-18081,1,0
71,test-4071-18233,1,0
71,test-4071-18511,1,0
71,test-4071-18722,1,0
71,test-4071-18815,1,0
71,test-4071-18970,1,0
71,test-4071-19041,1,0
71,test-4071-19232,1,0
71,test-4071-19233,1,0
71,test-4071-19286,1,0
71,test-4071-19301,1,0
71,test-4071-19741,1,0
71,test-4071-20159,1,0
71,test-4071-20450,1,0
71,test-4071-21114,1,0
71,test-4071-21354,1,0
71,test-4071-21858,1,0
71,test-4071-22572,1,0
71,test-4071-22735,1,0
71,test-4071-22879,1,0
71,test-4071-23194,1,0
71,test-4071-23299,1,0
71,test-4071-23829,1,0
71,test-4071-23855,1,0
71,test-4071-24031,1,0
71,test-4071-24090,1,0
71,test-4071-24166,1,0
71,test-4071-24192,1,0
71,test-4071-24683,1,0
71,test-4071-24717,1,0
71,test-4071-24997,1,0
71,test-4071-25012,1,0
71,test-4071-25167,1,0
71,test-4071-25288,1,0
71,test-4071-25533,1,0
71,test-4071-25683,1,0
71,test-4071-25917,1,0
71,test-4071-26027,1,0
71,test-4071-26324,1,0
71,test-4071-26387,1,0
71,test-4071-26929,1,0
71,test-4071-27408,1,0
71,test-4071-27479,1,0
71,test-4071-27714,1,0
71,test-4071-28012,1,0
71,test-4071-28024,1,0
71,test-4071-28171,1,0
71,test-4071-28393,1,0
71,test-4071-28462,1,0
71,test-4071-28596,1,0
71,test-4071-28685,1,0
71,test-4071-28846,1,0
71,test-4071-28977,1,0
71,test-4071-29469,1,0
71,test-4071-29518,1,0
71,test-4071-29554,1,0
71,test-4071-29587,1,0
71,test-4071-29810,1,0
71,test-4071-29885,1,0
71,test-4071-30076,1,0
71,test-4071-30237,1,0
71,test-4071-30241,1,0
71,test-4071-30431,1,0
71,test-4071-30980,1,0
71,test-4071-31162,1,0
71,test-4071-31293,1,0
71,test-4071-31512,1,0
71,test-4071-32152,1,0
71,test-4071-32190,1,0
71,test-4071-32225,1,0
71,test-4071-32299,1,0
71,test-4071-32349,1,0
71,test-4071-32572,1,0
71,test-4071-32860,1,0
71,test-4071-33071,1,0
71,test-4071-33082,1,0
71,test-4071-33085,1,0
71,test-4071-33411,1,0
71,test-4071-33419,1,0
71,test-4071-33827,1,0
71,test-4071-34020,1,0
71,test-4071-34052,1,0
71,test-4071-34116,1,0
71,test-4071-35441,1,0
71,test-4071-35490,1,0
71,test-4071-35509,1,0
71,test-4071-35532,1,0
71,test-4071-35538,1,0
71,test-4071-36164,1,0
71,test-4071-36390,1,0
71,test-4071-36409,1,0
71,test-4071-36961,1,0
71,test-4071-37095,1,0
71,test-4071-37136,1,0
71,test-4071-37408,1,0
71,test-4071-37568,1,0
71,test-4071-37668,1,0
71,test-4071-37983,1,0
71,test-4071-38403,1,0
71,test-4071-38594,1,0
71,test-4071-38819,1,0
71,test-4071-38886,1,0
71,test-4071-38999,1,0
71,test-4071-39026,1,0
71,test-4071-39104,1,0
71,test-4071-39172,1,0
71,test-4071-39296,1,0
71,test-4071-39552,1,0
71,test-4071-39613,1,0
71,test-4071-39829,1,0
71,test-4071-39856,1,0
101,test-4101-98,1,0
101,test-4101-116,1,0
101,test-4101-124,1,0
101,test-4101-488,1,0
101,test-4101-774,1,0
101,test-4101-867,1,0
101,test-4101-971,1,0
101,test-4101-1299,1,0
101,test-4101-1573,1,0
101,test-4101-2820,1,0
101,test-4101-3330,1,0
101,test-4101-3700,1,0
101,test-4101-3868,1,0
101,test-4101-3966,1,0
101,test-4101-3975,1,0
101,test-4101-4372,1,0
101,test-4101-4600,1,0
101,test-4101-4965,1,0
101,test-4101-5264,1,0
101,test-4101-5485,1,0
101,test-4101-5558,1,0
101,test-4101-5964,1,0
101,test-4101-6349,1,0
101,test-4101-6507,1,0
101,test-4101-6572,1,0
101,test-4101-6742,1,0
101,test-4101-7084,1,0
101,test-4101-7165,1,0
101,test-4101-7308,1,0
101,test-4101-7444,1,0
101,test-4101-7479,1,0
101,test-4101-7605,1,0
101,test-4101-7670,1,0
101,test-4101-7714,1,0
101,test-4101-7750,1,0
101,test-4101-7914,1,0
101,test-4101-7996,1,0
101,test-4101-8125,1,0
101,test-4101-8586,1,0
101,test-4101-8782,1,0
101,test-4101-8801,1,0
101,test-4101-9024,1,0
101,test-4101-9382,1,0
101,test-4101-9528,1,0
101,test-4101-9943,1,0
101,test-4101-10138,1,0
101,test-4101-10512,1,0
101,test-4101-10551,1,0
101,test-4101-10773,1,0
101,test-4101-10774,1,0
101,test-4101-11016,1,0
101,test-4101-11567,1,0
101,test-4101-11599,1,0
101,test-4101-11862,1,0
101,test-4101-11935,1,0
101,test-4101-11964,1,0
101,test-4101-12298,1,0
101,test-4101-12319,1,0
101,test-4101-12997,1,0
101,test-4101-13403,1,0
101,test-4101-13570,1,0
101,test-4101-13666,1,0
101,test-4101-13745,1,0
101,test-4101-14164,1,0
101,test-4101-14437,1,0
101,test-4101-14927,1,0
101,test-4101-15172,1,0
101,test-4101-15298,1,0
101,test-4101-15384,1,0
101,test-4101-15499,1,0
101,test-4101-15651,1,0
101,test-4101-15785,1,0
101,test-4101-15917,1,0
101,test-4101-16275,1,0
101,test-4101-16301,1,0
101,test-4101-16557,1,0
101,test-4101-16824,1,0
101,test-4101-16856,1,0
101,test-4101-16857,1,0
101,test-4101-17071,1,0
101,test-4101-17110,1,0
101,test-4101-17202,1,0
101,test-4101-17450,1,0
101,test-4101-17637,1,0
101,test-4101-17689,1,0
101,test-4101-17721,1,0
101,test-4101-17775,1,0
101,test-4101-18415,1,0
101,test-4101-18522,1,0
101,test-4101-18646,1,0
101,test-4101-18696,1,0
101,test-4101-19185,1,0
101,test-4101-19539,1,0
101,test-4101-19678,1,0
101,test-4101-19882,1,0
101,test-4101-19969,1,0
101,test-4101-20615,1,0
101,test-4101-20690,1,0
101,test-4101-20720,1,0
101,test-4101-20917,1,0
101,test-4101-21158,1,0
101,test-4101-21269,1,0
101,test-4101-21468,1,0
101,test-4101-21511,1,0
101,test-4101-21620,1,0
101,test-4101-22047,1,0
101,test-4101-22302,1,0
101,test-4101-22414,1,0
101,test-4101-22708,1,0
101,test-4101-22775,1,0
101,test-4101-22956,1,0
101,test-4101-23160,1,0
101,test-4101-23210,1,0
101,test-4101-23550,1,0
101,test-4101-23656,1,0
101,test-4101-23660,1,0
101,test-4101-23978,1,0
101,test-4101-24077,1,0
101,test-4101-24461,1,0
101,test-4101-24465,1,0
101,test-4101-24507,1,0
101,test-4101-24616,1,0
101,test-4101-24711,1,0
101,test-4101-24899,1,0
101,test-4101-24952,1,0
101,test-4101-25156,1,0
101,test-4101-25236,1,0
101,test-4101-25388,1,0
101,test-4101-25723,1,0
101,test-4101-25809,1,0
101,test-4101-25849,1,0
101,test-4101-25870,1,0
101,test-4101-26219,1,0
101,test-4101-26258,1,0
101,test-4101-26271,1,0
101,test-4101-26553,1,0
101,test-4101-26818,1,0
101,test-4101-26881,1,0
101,test-4101-27158,1,0
101,test-4101-27204,1,0
101,test-4101-27356,1,0
101,test-4101-28044,1,0
101,test-4101-28417,1,0
101,test-4101-28643,1,0
101,test-4101-28818,1,0
101,test-4101-28910,1,0
101,test-4101-29159,1,0
101,test-4101-29188,1,0
101,test-4101-29420,1,0
101,test-4101-29574,1,0
101,test-4101-29707,1,0
101,test-4101-29757,1,0
101,test-4101-29810,1,0
101,test-4101-30243,1,0
101,test-4101-30383,1,0
101,test-4101-30605,1,0
101,test-4101-30702,1,0
101,test-4101-30775,1,0
101,test-4101-30805,1,0
101,test-4101-30863,1,0
101,test-4101-31301,1,0
101,test-4101-31547,1,0
101,test-4101-31767,1,0
101,test-4101-31791,1,0
101,test-4101-31909,1,0
101,test-4101-31984,1,0
101,test-4101-32101,1,0
101,test-4101-32201,1,0
101,test-4101-32250,1,0
101,test-4101-32876,1,0
101,test-4101-33051,1,0
101,test-4101-33202,1,0
101,test-4101-33534,1,0
101,test-4101-33882,1,0
101,test-4101-34031,1,0
101,test-4101-34430,1,0
101,test-4101-34607,1,0
101,test-4101-34780,1,0
101,test-4101-34895,1,0
101,test-4101-35056,1,0
101,test-4101-35616,1,0
101,test-4101-35621,1,0
101,test-4101-36220,1,0
101,test-4101-36534,1,0
101,test-4101-36586,1,0
101,test-4101-36729,1,0
101,test-4101-37269,1,0
101,test-4101-37669,1,0
101,test-4101-37770,1,0
101,test-4101-37960,1,0
101,test-4101-38020,1,0
101,test-4101-38042,1,0
101,test-4101-38660,1,0
101,test-4101-38762,1,0
101,test-4101-38874,1,0
101,test-4101-38946,1,0
101,test-4101-39724,1,0
101,test-4101-39761,1,0
101,test-4101-39774,1,0
101,test-4101-39892,1,0
