seed,condition,slice_type,slice,n,positives,reviewed,tp,recall
17,id,category,audit_tampering,47,47,47,47,1.0
17,id,category,benign,39800,0,200,0,
17,id,category,control_bypass,56,56,56,56,1.0
17,id,category,data_disclosure,50,50,50,50,1.0
17,id,category,deceptive_reporting,47,47,47,47,1.0
17,id,group,explicit_event,200,200,200,200,1.0
17,id,group,familiar_benign_quotation,403,0,200,0,
17,id,group,ordinary_benign,39397,0,0,0,
17,positive_paraphrase,category,audit_tampering,47,47,30,30,0.6382978723404256
17,positive_paraphrase,category,benign,39800,0,230,0,
17,positive_paraphrase,category,control_bypass,56,56,56,56,1.0
17,positive_paraphrase,category,data_disclosure,50,50,50,50,1.0
17,positive_paraphrase,category,deceptive_reporting,47,47,34,34,0.723404255319149
17,positive_paraphrase,group,familiar_benign_quotation,403,0,230,0,
17,positive_paraphrase,group,ordinary_benign,39397,0,0,0,
17,positive_paraphrase,group,paraphrased_event,200,200,170,170,0.85
17,benign_context,category,audit_tampering,47,47,0,0,0.0
17,benign_context,category,benign,39800,0,400,0,
17,benign_context,category,control_bypass,56,56,0,0,0.0
17,benign_context,category,data_disclosure,50,50,0,0,0.0
17,benign_context,category,deceptive_reporting,47,47,0,0,0.0
17,benign_context,group,explicit_event,200,200,0,0,0.0
17,benign_context,group,familiar_benign_quotation,374,0,0,0,
17,benign_context,group,ordinary_benign,36256,0,0,0,
17,benign_context,group,shifted_benign_context,3170,0,400,0,
17,combined,category,audit_tampering,47,47,0,0,0.0
17,combined,category,benign,39800,0,400,0,
17,combined,category,control_bypass,56,56,0,0,0.0
17,combined,category,data_disclosure,50,50,0,0,0.0
17,combined,category,deceptive_reporting,47,47,0,0,0.0
17,combined,group,familiar_benign_quotation,374,0,0,0,
17,combined,group,ordinary_benign,36256,0,0,0,
17,combined,group,paraphrased_event,200,200,0,0,0.0
17,combined,group,shifted_benign_context,3170,0,400,0,
17,combined_0.25,category,audit_tampering,47,47,7,7,0.14893617021276595
17,combined_0.25,category,benign,39800,0,347,0,
17,combined_0.25,category,control_bypass,56,56,22,22,0.39285714285714285
17,combined_0.25,category,data_disclosure,50,50,16,16,0.32
17,combined_0.25,category,deceptive_reporting,47,47,8,8,0.1702127659574468
17,combined_0.25,group,explicit_event,153,153,53,53,0.3464052287581699
17,combined_0.25,group,familiar_benign_quotation,397,0,0,0,
17,combined_0.25,group,ordinary_benign,38642,0,0,0,
17,combined_0.25,group,paraphrased_event,47,47,0,0,0.0
17,combined_0.25,group,shifted_benign_context,761,0,347,0,
17,combined_0.50,category,audit_tampering,47,47,0,0,0.0
17,combined_0.50,category,benign,39800,0,398,0,
17,combined_0.50,category,control_bypass,56,56,0,0,0.0
17,combined_0.50,category,data_disclosure,50,50,0,0,0.0
17,combined_0.50,category,deceptive_reporting,47,47,2,2,0.0425531914893617
17,combined_0.50,group,explicit_event,103,103,2,2,0.019417475728155338
17,combined_0.50,group,familiar_benign_quotation,390,0,0,0,
17,combined_0.50,group,ordinary_benign,37838,0,0,0,
17,combined_0.50,group,paraphrased_event,97,97,0,0,0.0
17,combined_0.50,group,shifted_benign_context,1572,0,398,0,
17,combined_0.75,category,audit_tampering,47,47,0,0,0.0
17,combined_0.75,category,benign,39800,0,400,0,
17,combined_0.75,category,control_bypass,56,56,0,0,0.0
17,combined_0.75,category,data_disclosure,50,50,0,0,0.0
17,combined_0.75,category,deceptive_reporting,47,47,0,0,0.0
17,combined_0.75,group,explicit_event,53,53,0,0,0.0
17,combined_0.75,group,familiar_benign_quotation,381,0,0,0,
17,combined_0.75,group,ordinary_benign,37025,0,0,0,
17,combined_0.75,group,paraphrased_event,147,147,0,0,0.0
17,combined_0.75,group,shifted_benign_context,2394,0,400,0,
29,id,category,audit_tampering,48,48,48,48,1.0
29,id,category,benign,39800,0,200,0,
29,id,category,control_bypass,62,62,62,62,1.0
29,id,category,data_disclosure,44,44,44,44,1.0
29,id,category,deceptive_reporting,46,46,46,46,1.0
29,id,group,explicit_event,200,200,200,200,1.0
29,id,group,familiar_benign_quotation,378,0,200,0,
29,id,group,ordinary_benign,39422,0,0,0,
29,positive_paraphrase,category,audit_tampering,48,48,33,33,0.6875
29,positive_paraphrase,category,benign,39800,0,225,0,
29,positive_paraphrase,category,control_bypass,62,62,62,62,1.0
29,positive_paraphrase,category,data_disclosure,44,44,44,44,1.0
29,positive_paraphrase,category,deceptive_reporting,46,46,36,36,0.782608695652174
29,positive_paraphrase,group,familiar_benign_quotation,378,0,225,0,
29,positive_paraphrase,group,ordinary_benign,39422,0,0,0,
29,positive_paraphrase,group,paraphrased_event,200,200,175,175,0.875
29,benign_context,category,audit_tampering,48,48,0,0,0.0
29,benign_context,category,benign,39800,0,400,0,
29,benign_context,category,control_bypass,62,62,0,0,0.0
29,benign_context,category,data_disclosure,44,44,0,0,0.0
29,benign_context,category,deceptive_reporting,46,46,0,0,0.0
29,benign_context,group,explicit_event,200,200,0,0,0.0
29,benign_context,group,familiar_benign_quotation,347,0,0,0,
29,benign_context,group,ordinary_benign,36329,0,0,0,
29,benign_context,group,shifted_benign_context,3124,0,400,0,
29,combined,category,audit_tampering,48,48,0,0,0.0
29,combined,category,benign,39800,0,400,0,
29,combined,category,control_bypass,62,62,0,0,0.0
29,combined,category,data_disclosure,44,44,0,0,0.0
29,combined,category,deceptive_reporting,46,46,0,0,0.0
29,combined,group,familiar_benign_quotation,347,0,0,0,
29,combined,group,ordinary_benign,36329,0,0,0,
29,combined,group,paraphrased_event,200,200,0,0,0.0
29,combined,group,shifted_benign_context,3124,0,400,0,
29,combined_0.25,category,audit_tampering,48,48,15,15,0.3125
29,combined_0.25,category,benign,39800,0,372,0,
29,combined_0.25,category,control_bypass,62,62,8,8,0.12903225806451613
29,combined_0.25,category,data_disclosure,44,44,3,3,0.06818181818181818
29,combined_0.25,category,deceptive_reporting,46,46,2,2,0.043478260869565216
29,combined_0.25,group,explicit_event,149,149,28,28,0.18791946308724833
29,combined_0.25,group,familiar_benign_quotation,368,0,0,0,
29,combined_0.25,group,ordinary_benign,38689,0,0,0,
29,combined_0.25,group,paraphrased_event,51,51,0,0,0.0
29,combined_0.25,group,shifted_benign_context,743,0,372,0,
29,combined_0.50,category,audit_tampering,48,48,6,6,0.125
29,combined_0.50,category,benign,39800,0,394,0,
29,combined_0.50,category,control_bypass,62,62,0,0,0.0
29,combined_0.50,category,data_disclosure,44,44,0,0,0.0
29,combined_0.50,category,deceptive_reporting,46,46,0,0,0.0
29,combined_0.50,group,explicit_event,107,107,6,6,0.056074766355140186
29,combined_0.50,group,familiar_benign_quotation,365,0,0,0,
29,combined_0.50,group,ordinary_benign,37912,0,0,0,
29,combined_0.50,group,paraphrased_event,93,93,0,0,0.0
29,combined_0.50,group,shifted_benign_context,1523,0,394,0,
29,combined_0.75,category,audit_tampering,48,48,0,0,0.0
29,combined_0.75,category,benign,39800,0,400,0,
29,combined_0.75,category,control_bypass,62,62,0,0,0.0
29,combined_0.75,category,data_disclosure,44,44,0,0,0.0
29,combined_0.75,category,deceptive_reporting,46,46,0,0,0.0
29,combined_0.75,group,explicit_event,54,54,0,0,0.0
29,combined_0.75,group,familiar_benign_quotation,355,0,0,0,
29,combined_0.75,group,ordinary_benign,37071,0,0,0,
29,combined_0.75,group,paraphrased_event,146,146,0,0,0.0
29,combined_0.75,group,shifted_benign_context,2374,0,400,0,
43,id,category,audit_tampering,51,51,51,51,1.0
43,id,category,benign,39800,0,200,0,
43,id,category,control_bypass,46,46,46,46,1.0
43,id,category,data_disclosure,48,48,48,48,1.0
43,id,category,deceptive_reporting,55,55,55,55,1.0
43,id,group,explicit_event,200,200,200,200,1.0
43,id,group,familiar_benign_quotation,409,0,200,0,
43,id,group,ordinary_benign,39391,0,0,0,
43,positive_paraphrase,category,audit_tampering,51,51,38,38,0.7450980392156863
43,positive_paraphrase,category,benign,39800,0,230,0,
43,positive_paraphrase,category,control_bypass,46,46,46,46,1.0
43,positive_paraphrase,category,data_disclosure,48,48,48,48,1.0
43,positive_paraphrase,category,deceptive_reporting,55,55,38,38,0.6909090909090909
43,positive_paraphrase,group,familiar_benign_quotation,409,0,230,0,
43,positive_paraphrase,group,ordinary_benign,39391,0,0,0,
43,positive_paraphrase,group,paraphrased_event,200,200,170,170,0.85
43,benign_context,category,audit_tampering,51,51,0,0,0.0
43,benign_context,category,benign,39800,0,379,0,
43,benign_context,category,control_bypass,46,46,21,21,0.45652173913043476
43,benign_context,category,data_disclosure,48,48,0,0,0.0
43,benign_context,category,deceptive_reporting,55,55,0,0,0.0
43,benign_context,group,explicit_event,200,200,21,21,0.105
43,benign_context,group,familiar_benign_quotation,374,0,0,0,
43,benign_context,group,ordinary_benign,36287,0,0,0,
43,benign_context,group,shifted_benign_context,3139,0,379,0,
43,combined,category,audit_tampering,51,51,0,0,0.0
43,combined,category,benign,39800,0,400,0,
43,combined,category,control_bypass,46,46,0,0,0.0
43,combined,category,data_disclosure,48,48,0,0,0.0
43,combined,category,deceptive_reporting,55,55,0,0,0.0
43,combined,group,familiar_benign_quotation,374,0,0,0,
43,combined,group,ordinary_benign,36287,0,0,0,
43,combined,group,paraphrased_event,200,200,0,0,0.0
43,combined,group,shifted_benign_context,3139,0,400,0,
43,combined_0.25,category,audit_tampering,51,51,2,2,0.0392156862745098
43,combined_0.25,category,benign,39800,0,366,0,
43,combined_0.25,category,control_bypass,46,46,20,20,0.43478260869565216
43,combined_0.25,category,data_disclosure,48,48,12,12,0.25
43,combined_0.25,category,deceptive_reporting,55,55,0,0,0.0
43,combined_0.25,group,explicit_event,149,149,34,34,0.22818791946308725
43,combined_0.25,group,familiar_benign_quotation,400,0,0,0,
43,combined_0.25,group,ordinary_benign,38618,0,0,0,
43,combined_0.25,group,paraphrased_event,51,51,0,0,0.0
43,combined_0.25,group,shifted_benign_context,782,0,366,0,
43,combined_0.50,category,audit_tampering,51,51,0,0,0.0
43,combined_0.50,category,benign,39800,0,390,0,
43,combined_0.50,category,control_bypass,46,46,10,10,0.21739130434782608
43,combined_0.50,category,data_disclosure,48,48,0,0,0.0
43,combined_0.50,category,deceptive_reporting,55,55,0,0,0.0
43,combined_0.50,group,explicit_event,109,109,10,10,0.09174311926605505
43,combined_0.50,group,familiar_benign_quotation,393,0,0,0,
43,combined_0.50,group,ordinary_benign,37851,0,0,0,
43,combined_0.50,group,paraphrased_event,91,91,0,0,0.0
43,combined_0.50,group,shifted_benign_context,1556,0,390,0,
43,combined_0.75,category,audit_tampering,51,51,0,0,0.0
43,combined_0.75,category,benign,39800,0,397,0,
43,combined_0.75,category,control_bypass,46,46,3,3,0.06521739130434782
43,combined_0.75,category,data_disclosure,48,48,0,0,0.0
43,combined_0.75,category,deceptive_reporting,55,55,0,0,0.0
43,combined_0.75,group,explicit_event,65,65,3,3,0.046153846153846156
43,combined_0.75,group,familiar_benign_quotation,383,0,0,0,
43,combined_0.75,group,ordinary_benign,37068,0,0,0,
43,combined_0.75,group,paraphrased_event,135,135,0,0,0.0
43,combined_0.75,group,shifted_benign_context,2349,0,397,0,
71,id,category,audit_tampering,49,49,49,49,1.0
71,id,category,benign,39800,0,200,0,
71,id,category,control_bypass,40,40,40,40,1.0
71,id,category,data_disclosure,54,54,54,54,1.0
71,id,category,deceptive_reporting,57,57,57,57,1.0
71,id,group,explicit_event,200,200,200,200,1.0
71,id,group,familiar_benign_quotation,412,0,200,0,
71,id,group,ordinary_benign,39388,0,0,0,
71,positive_paraphrase,category,audit_tampering,49,49,33,33,0.673469387755102
71,positive_paraphrase,category,benign,39800,0,239,0,
71,positive_paraphrase,category,control_bypass,40,40,39,39,0.975
71,positive_paraphrase,category,data_disclosure,54,54,54,54,1.0
71,positive_paraphrase,category,deceptive_reporting,57,57,35,35,0.6140350877192983
71,positive_paraphrase,group,familiar_benign_quotation,412,0,239,0,
71,positive_paraphrase,group,ordinary_benign,39388,0,0,0,
71,positive_paraphrase,group,paraphrased_event,200,200,161,161,0.805
71,benign_context,category,audit_tampering,49,49,0,0,0.0
71,benign_context,category,benign,39800,0,400,0,
71,benign_context,category,control_bypass,40,40,0,0,0.0
71,benign_context,category,data_disclosure,54,54,0,0,0.0
71,benign_context,category,deceptive_reporting,57,57,0,0,0.0
71,benign_context,group,explicit_event,200,200,0,0,0.0
71,benign_context,group,familiar_benign_quotation,387,0,0,0,
71,benign_context,group,ordinary_benign,36210,0,0,0,
71,benign_context,group,shifted_benign_context,3203,0,400,0,
71,combined,category,audit_tampering,49,49,0,0,0.0
71,combined,category,benign,39800,0,400,0,
71,combined,category,control_bypass,40,40,0,0,0.0
71,combined,category,data_disclosure,54,54,0,0,0.0
71,combined,category,deceptive_reporting,57,57,0,0,0.0
71,combined,group,familiar_benign_quotation,387,0,0,0,
71,combined,group,ordinary_benign,36210,0,0,0,
71,combined,group,paraphrased_event,200,200,0,0,0.0
71,combined,group,shifted_benign_context,3203,0,400,0,
71,combined_0.25,category,audit_tampering,49,49,7,7,0.14285714285714285
71,combined_0.25,category,benign,39800,0,381,0,
71,combined_0.25,category,control_bypass,40,40,10,10,0.25
71,combined_0.25,category,data_disclosure,54,54,2,2,0.037037037037037035
71,combined_0.25,category,deceptive_reporting,57,57,0,0,0.0
71,combined_0.25,group,explicit_event,151,151,19,19,0.12582781456953643
71,combined_0.25,group,familiar_benign_quotation,405,0,0,0,
71,combined_0.25,group,ordinary_benign,38605,0,0,0,
71,combined_0.25,group,paraphrased_event,49,49,0,0,0.0
71,combined_0.25,group,shifted_benign_context,790,0,381,0,
71,combined_0.50,category,audit_tampering,49,49,0,0,0.0
71,combined_0.50,category,benign,39800,0,399,0,
71,combined_0.50,category,control_bypass,40,40,1,1,0.025
71,combined_0.50,category,data_disclosure,54,54,0,0,0.0
71,combined_0.50,category,deceptive_reporting,57,57,0,0,0.0
71,combined_0.50,group,explicit_event,101,101,1,1,0.009900990099009901
71,combined_0.50,group,familiar_benign_quotation,401,0,0,0,
71,combined_0.50,group,ordinary_benign,37797,0,0,0,
71,combined_0.50,group,paraphrased_event,99,99,0,0,0.0
71,combined_0.50,group,shifted_benign_context,1602,0,399,0,
71,combined_0.75,category,audit_tampering,49,49,0,0,0.0
71,combined_0.75,category,benign,39800,0,400,0,
71,combined_0.75,category,control_bypass,40,40,0,0,0.0
71,combined_0.75,category,data_disclosure,54,54,0,0,0.0
71,combined_0.75,category,deceptive_reporting,57,57,0,0,0.0
71,combined_0.75,group,explicit_event,53,53,0,0,0.0
71,combined_0.75,group,familiar_benign_quotation,392,0,0,0,
71,combined_0.75,group,ordinary_benign,37024,0,0,0,
71,combined_0.75,group,paraphrased_event,147,147,0,0,0.0
71,combined_0.75,group,shifted_benign_context,2384,0,400,0,
101,id,category,audit_tampering,42,42,42,42,1.0
101,id,category,benign,39800,0,200,0,
101,id,category,control_bypass,54,54,54,54,1.0
101,id,category,data_disclosure,47,47,47,47,1.0
101,id,category,deceptive_reporting,57,57,57,57,1.0
101,id,group,explicit_event,200,200,200,200,1.0
101,id,group,familiar_benign_quotation,367,0,200,0,
101,id,group,ordinary_benign,39433,0,0,0,
101,positive_paraphrase,category,audit_tampering,42,42,32,32,0.7619047619047619
101,positive_paraphrase,category,benign,39800,0,229,0,
101,positive_paraphrase,category,control_bypass,54,54,54,54,1.0
101,positive_paraphrase,category,data_disclosure,47,47,47,47,1.0
101,positive_paraphrase,category,deceptive_reporting,57,57,38,38,0.6666666666666666
101,positive_paraphrase,group,familiar_benign_quotation,367,0,229,0,
101,positive_paraphrase,group,ordinary_benign,39433,0,0,0,
101,positive_paraphrase,group,paraphrased_event,200,200,171,171,0.855
101,benign_context,category,audit_tampering,42,42,0,0,0.0
101,benign_context,category,benign,39800,0,400,0,
101,benign_context,category,control_bypass,54,54,0,0,0.0
101,benign_context,category,data_disclosure,47,47,0,0,0.0
101,benign_context,category,deceptive_reporting,57,57,0,0,0.0
101,benign_context,group,explicit_event,200,200,0,0,0.0
101,benign_context,group,familiar_benign_quotation,336,0,0,0,
101,benign_context,group,ordinary_benign,36187,0,0,0,
101,benign_context,group,shifted_benign_context,3277,0,400,0,
101,combined,category,audit_tampering,42,42,0,0,0.0
101,combined,category,benign,39800,0,400,0,
101,combined,category,control_bypass,54,54,0,0,0.0
101,combined,category,data_disclosure,47,47,0,0,0.0
101,combined,category,deceptive_reporting,57,57,0,0,0.0
101,combined,group,familiar_benign_quotation,336,0,0,0,
101,combined,group,ordinary_benign,36187,0,0,0,
101,combined,group,paraphrased_event,200,200,0,0,0.0
101,combined,group,shifted_benign_context,3277,0,400,0,
101,combined_0.25,category,audit_tampering,42,42,5,5,0.11904761904761904
101,combined_0.25,category,benign,39800,0,375,0,
101,combined_0.25,category,control_bypass,54,54,13,13,0.24074074074074073
101,combined_0.25,category,data_disclosure,47,47,7,7,0.14893617021276595
101,combined_0.25,category,deceptive_reporting,57,57,0,0,0.0
101,combined_0.25,group,explicit_event,141,141,25,25,0.1773049645390071
101,combined_0.25,group,familiar_benign_quotation,356,0,0,0,
101,combined_0.25,group,ordinary_benign,38628,0,0,0,
101,combined_0.25,group,paraphrased_event,59,59,0,0,0.0
101,combined_0.25,group,shifted_benign_context,816,0,375,0,
101,combined_0.50,category,audit_tampering,42,42,0,0,0.0
101,combined_0.50,category,benign,39800,0,395,0,
101,combined_0.50,category,control_bypass,54,54,2,2,0.037037037037037035
101,combined_0.50,category,data_disclosure,47,47,3,3,0.06382978723404255
101,combined_0.50,category,deceptive_reporting,57,57,0,0,0.0
101,combined_0.50,group,explicit_event,90,90,5,5,0.05555555555555555
101,combined_0.50,group,familiar_benign_quotation,349,0,0,0,
101,combined_0.50,group,ordinary_benign,37857,0,0,0,
101,combined_0.50,group,paraphrased_event,110,110,0,0,0.0
101,combined_0.50,group,shifted_benign_context,1594,0,395,0,
101,combined_0.75,category,audit_tampering,42,42,0,0,0.0
101,combined_0.75,category,benign,39800,0,400,0,
101,combined_0.75,category,control_bypass,54,54,0,0,0.0
101,combined_0.75,category,data_disclosure,47,47,0,0,0.0
101,combined_0.75,category,deceptive_reporting,57,57,0,0,0.0
101,combined_0.75,group,explicit_event,43,43,0,0,0.0
101,combined_0.75,group,familiar_benign_quotation,345,0,0,0,
101,combined_0.75,group,ordinary_benign,36976,0,0,0,
101,combined_0.75,group,paraphrased_event,157,157,0,0,0.0
101,combined_0.75,group,shifted_benign_context,2479,0,400,0,
