seed,model,variant,condition,n,positives,prevalence,average_precision,roc_auc,brier,positive_brier,negative_brier,log_loss,ece_15,mean_probability,accuracy_at_half,frozen_threshold,frozen_alerts,frozen_alert_rate,frozen_tp,frozen_fp,frozen_precision,frozen_recall
17,word_balanced,raw,id,40000,200,0.005,1.0,1.0,0.00011357406569425957,2.6026487132250354e-05,0.00011401400327497318,0.004747839151251695,0.00468695360851036,0.009637391580184831,1.0,0.08851965682413587,405,0.010125,200,205,0.49382716049382713,1.0
17,word_balanced,calibrated,id,40000,200,0.005,1.0,1.0,1.3771355068310573e-07,1.5055581950302385e-10,1.384048220140787e-07,3.076039697976522e-05,3.0691263647744195e-05,0.005030587439336113,1.0,0.0020324245389853365,405,0.010125,200,205,0.49382716049382713,1.0
17,word_balanced,raw,positive_paraphrase,40000,200,0.005,0.8065797015551858,0.9979198492462311,0.0029815661078756157,0.5736244349234034,0.00011401400327497318,0.012855995186125698,0.005324978807526429,0.005995270860883168,0.995825,0.08851965682413587,375,0.009375,170,205,0.4533333333333333,0.85
17,word_balanced,calibrated,positive_paraphrase,40000,200,0.005,0.8065797015551858,0.9979198492462311,0.003994445218812821,0.7988615012029833,1.384048220140787e-07,0.019589556155935935,0.004333744607175602,0.0006662553928243977,0.9954,0.0020324245389853365,375,0.009375,170,205,0.4533333333333333,0.85
17,word_balanced,raw,benign_context,40000,200,0.005,0.043840664022847954,0.9503718592964824,0.07866538777206845,2.6026487132250354e-05,0.07906056044184198,0.43974341314184856,0.08317814245968416,0.08817814245968417,0.92075,0.08851965682413587,3558,0.08895,200,3358,0.056211354693648116,1.0
17,word_balanced,calibrated,benign_context,40000,200,0.005,0.043840664022847954,0.9503718592964824,0.07924879531637347,1.5055581950302385e-10,0.0796470304679605,0.9512129415558406,0.07927764825225644,0.08427764825225643,0.92075,0.0020324245389853365,3558,0.08895,200,3358,0.056211354693648116,1.0
17,word_balanced,raw,combined,40000,200,0.005,0.029330511923243246,0.9184243718592965,0.08153337981424981,0.5736244349234034,0.07906056044184198,0.4478515691767225,0.08398091394179201,0.08453602174038251,0.916575,0.08851965682413587,3528,0.0882,170,3358,0.0481859410430839,0.85
17,word_balanced,calibrated,combined,40000,200,0.005,0.029330511923243246,0.9184243718592965,0.08324310282163562,0.7988615012029833,0.0796470304679605,0.9707717373147967,0.08358535151573303,0.07991331620574471,0.91615,0.0020324245389853365,3528,0.0882,170,3358,0.0481859410430839,0.85
17,word_balanced,raw,combined_0.25,40000,200,0.005,0.13646517211151626,0.985721608040201,0.019655726759884966,0.1365857441760596,0.019068138732668004,0.11134666317578326,0.023422611620267226,0.027629953305616756,0.979975,0.08851965682413587,1154,0.02885,192,962,0.1663778162911612,0.96
17,word_balanced,calibrated,combined_0.25,40000,200,0.005,0.13646517211151626,0.985721608040201,0.01997782196104173,0.19059960970583004,0.01912042604272621,0.23361079067823604,0.02002926289999127,0.023020345137819965,0.9799,0.0020324245389853365,1154,0.02885,192,962,0.1663778162911612,0.96
17,word_balanced,raw,combined_0.50,40000,200,0.005,0.064502503077894,0.9672603015075376,0.040432137748128344,0.27305589005213443,0.03926317416871123,0.22424838468160369,0.04366098241804711,0.04684808852005471,0.95875,0.08851965682413587,1954,0.04885,182,1772,0.0931422722620266,0.91
17,word_balanced,calibrated,combined_0.50,40000,200,0.005,0.064502503077894,0.9672603015075376,0.041189717275615545,0.3780499101241203,0.0394969524874321,0.48080886004925516,0.04134922753373257,0.04225005076066539,0.95855,0.0020324245389853365,1954,0.04885,182,1772,0.0931422722620266,0.91
17,word_balanced,raw,combined_0.75,40000,200,0.005,0.039668410738459274,0.9442126884422111,0.061466994633411536,0.4064879871414116,0.05973322080171303,0.3388306260118011,0.06432274524722682,0.06633375271552172,0.937225,0.08851965682413587,2764,0.0691,178,2586,0.06439942112879884,0.89
17,word_balanced,calibrated,combined_0.75,40000,200,0.005,0.039668410738459274,0.9442126884422111,0.06268718020369524,0.5676127054448331,0.0601498660065036,0.731715789608982,0.06295703330639897,0.06174192366916577,0.936875,0.0020324245389853365,2764,0.0691,178,2586,0.06439942112879884,0.89
17,word_unweighted,raw,id,40000,200,0.005,1.0,1.0,0.0005107697746917533,0.10035184591095433,9.055824258273152e-06,0.0034558134960678117,0.0031240064295109038,0.005007262696574297,1.0,0.024819689014876804,409,0.010225,200,209,0.4889975550122249,1.0
17,word_unweighted,calibrated,id,40000,200,0.005,1.0,1.0,1.359751110322491e-06,0.0002717271456224916,1.1209871457618698e-09,6.063336091407312e-05,5.993505510847832e-05,0.0049457866029591095,1.0,0.00020537206866812384,409,0.010225,200,209,0.4889975550122249,1.0
17,word_unweighted,raw,positive_paraphrase,40000,200,0.005,0.5261618398912062,0.9945261306532662,0.004701008396838148,0.9383995703402331,9.055824258273152e-06,0.020175277212862837,0.003276566550533792,0.0017234334494662083,0.995,0.024819689014876804,302,0.00755,93,209,0.3079470198675497,0.465
17,word_unweighted,calibrated,positive_paraphrase,40000,200,0.005,0.5261618398912062,0.9945261306532662,0.004985995814732612,0.9971989398700805,1.1209871457618698e-09,0.04272477111162812,0.0049901084481086795,9.89155189132056e-06,0.995,0.00020537206866812384,302,0.00755,93,209,0.3079470198675497,0.465
17,word_unweighted,raw,benign_context,40000,200,0.005,0.04951209637998802,0.9551152010050251,0.040258540926661784,0.10035184591095433,0.039956564519705536,0.10176475870646827,0.055913063673402055,0.06084144844527989,0.92075,0.024819689014876804,3561,0.089025,200,3361,0.05616399887672002,1.0
17,word_unweighted,calibrated,benign_context,40000,200,0.005,0.04951209637998802,0.9551152010050251,0.07790595169769177,0.0002717271456224916,0.07829607342910919,0.4014505868891802,0.07851794036718843,0.08351794036718843,0.92075,0.00020537206866812384,3561,0.089025,200,3361,0.05616399887672002,1.0
17,word_unweighted,raw,combined,40000,200,0.005,0.028043836076848815,0.9152699748743719,0.04444877954880817,0.9383995703402331,0.039956564519705536,0.11848422242326329,0.05935543043752837,0.0575576191981718,0.91575,0.024819689014876804,3454,0.08635,93,3361,0.02692530399536769,0.465
17,word_unweighted,calibrated,combined,40000,200,0.005,0.028043836076848815,0.9152699748743719,0.08289058776131406,0.9971989398700805,0.07829607342910919,0.4441147246398943,0.08356269347489183,0.07858204531612063,0.91575,0.00020537206866812384,3454,0.08635,93,3361,0.02692530399536769,0.465
17,char_balanced,raw,id,40000,200,0.005,1.0,1.0,8.845225996696362e-05,2.2314998240661166e-05,8.878460801583952e-05,0.0043268928794062515,0.0042799863362108295,0.009234533522074512,1.0,0.07977789502454033,407,0.010175,200,207,0.4914004914004914,1.0
17,char_balanced,calibrated,id,40000,200,0.005,1.0,1.0,7.656732125090926e-08,1.3391659700420123e-10,7.695140871148161e-08,2.4365400945842863e-05,2.4327018551411522e-05,0.005024231130069526,1.0,0.0017526484907256193,407,0.010175,200,207,0.4914004914004914,1.0
17,char_balanced,raw,positive_paraphrase,40000,200,0.005,0.8652547229493792,0.9984763819095478,0.0028819423129810575,0.5587203256010593,8.878460801583952e-05,0.012297621471007937,0.0053811494641664665,0.005746172692575606,0.996075,0.07977789502454033,380,0.0095,173,207,0.45526315789473687,0.865
17,char_balanced,calibrated,positive_paraphrase,40000,200,0.005,0.8652547229493792,0.9984763819095478,0.0038750240180388416,0.7749894902774347,7.695140871148161e-08,0.019057893773300527,0.004135859680798572,0.0008641403192014276,0.995475,0.0017526484907256193,380,0.0095,173,207,0.45526315789473687,0.865
17,char_balanced,raw,benign_context,40000,200,0.005,0.8388755068813498,0.9979648241206031,0.0773740340741311,2.2314998240661166e-05,0.07776273618004009,0.35987524611128036,0.08216407779460184,0.08716407779460185,0.92075,0.07977789502454033,3562,0.08905,200,3362,0.05614823133071308,1.0
17,char_balanced,calibrated,benign_context,40000,200,0.005,0.8388755068813498,0.9979648241206031,0.07923094688923735,1.3391659700420123e-10,0.07962909235031937,0.7589613337420315,0.0792629155692549,0.08426291556925489,0.92075,0.0017526484907256193,3562,0.08905,200,3362,0.05614823133071308,1.0
17,char_balanced,raw,combined,40000,200,0.005,0.029596215817562617,0.9189522613065326,0.08016752412714519,0.5587203256010593,0.07776273618004009,0.36784597470288205,0.08337201872471763,0.08367571696510295,0.916825,0.07977789502454033,3535,0.088375,173,3362,0.04893917963224894,0.865
17,char_balanced,calibrated,combined,40000,200,0.005,0.029596215817562617,0.9189522613065326,0.08310589433995494,0.7749894902774347,0.07962909235031937,0.7779948621143862,0.0833769297396838,0.08010282475838679,0.916225,0.0017526484907256193,3535,0.088375,173,3362,0.04893917963224894,0.865
29,word_balanced,raw,id,40000,200,0.005,1.0,1.0,0.00011491971967261398,2.8558848301091684e-05,0.00011535369390061159,0.004701479747700071,0.004639365725247043,0.009587590551657902,1.0,0.0806089154166042,386,0.00965,200,186,0.5181347150259067,1.0
29,word_balanced,calibrated,id,40000,200,0.005,1.0,1.0,2.3705078028269157e-07,2.4399383180724416e-10,2.3824076413420346e-07,3.5722361622353625e-05,3.560309843625191e-05,0.005035467899679121,1.0,0.001743320624336305,386,0.00965,200,186,0.5181347150259067,1.0
29,word_balanced,raw,positive_paraphrase,40000,200,0.005,0.8245253570942207,0.9982434673366833,0.002906629011378489,0.558370417189476,0.00011535369390061159,0.012511914084871512,0.005491441294754064,0.005994886773881806,0.995925,0.0806089154166042,361,0.009025,175,186,0.48476454293628807,0.875
29,word_balanced,calibrated,positive_paraphrase,40000,200,0.005,0.8245253570942207,0.9982434673366833,0.003976694351591467,0.7952914604062307,2.3824076413420346e-07,0.018576654133211867,0.004307435112887918,0.0006925648871120823,0.9954,0.001743320624336305,361,0.009025,175,186,0.48476454293628807,0.875
29,word_balanced,raw,benign_context,40000,200,0.005,0.039504457753748494,0.9453244974874373,0.07754252648424213,2.8558848301091684e-05,0.07793204390954837,0.4351325777847636,0.08198795065005016,0.08698795065005015,0.9219,0.0806089154166042,3494,0.08735,200,3294,0.057240984544934176,1.0
29,word_balanced,calibrated,benign_context,40000,200,0.005,0.039504457753748494,0.9453244974874373,0.07809877412172175,2.4399383180724416e-10,0.0784912302718611,0.928511184231699,0.07813155817811154,0.08313155817811155,0.9219,0.001743320624336305,3494,0.08735,200,3294,0.057240984544934176,1.0
29,word_balanced,raw,combined,40000,200,0.005,0.029917056237656472,0.9199015075376884,0.08033423577594802,0.558370417189476,0.07793204390954837,0.44294301212193515,0.08302614987577112,0.08339524687227406,0.917825,0.0806089154166042,3469,0.086725,175,3294,0.050446814643989625,0.875
29,word_balanced,calibrated,combined,40000,200,0.005,0.029917056237656472,0.9199015075376884,0.08207523142253294,0.7952914604062307,0.0784912302718611,0.9470521160032885,0.08240990575117597,0.07878865516554451,0.9173,0.001743320624336305,3469,0.086725,175,3294,0.050446814643989625,0.875
29,word_balanced,raw,combined_0.25,40000,200,0.005,0.12992335202528077,0.9851345477386935,0.019169588725246815,0.12814083631527645,0.01862199451625169,0.10886924493985978,0.023097359243191177,0.027125003339349422,0.980475,0.0806089154166042,1117,0.027925,195,922,0.17457475380483437,0.975
29,word_balanced,calibrated,combined_0.25,40000,200,0.005,0.12992335202528077,0.9851345477386935,0.01950212408614845,0.1854470170914761,0.018668230151448313,0.22504133232091136,0.019590791399407503,0.022558768826746078,0.9803,0.001743320624336305,1117,0.027925,195,922,0.17457475380483437,0.975
29,word_balanced,raw,combined_0.50,40000,200,0.005,0.06365625677420403,0.9668560301507538,0.03913327359616615,0.2539241787402929,0.03805392231403486,0.21827503326488895,0.0423381029183824,0.045674158306269384,0.960025,0.0806089154166042,1888,0.0472,189,1699,0.10010593220338983,0.945
29,word_balanced,calibrated,combined_0.50,40000,200,0.005,0.06365625677420403,0.9668560301507538,0.03988971667397808,0.3630362363192724,0.03826586481646403,0.46148732144368443,0.04003673124766329,0.041112506217029325,0.959825,0.001743320624336305,1888,0.0472,189,1699,0.10010593220338983,0.945
29,word_balanced,raw,combined_0.75,40000,200,0.005,0.03948686809738973,0.9433547738693466,0.060994676883465854,0.4080128140559281,0.059250867148930866,0.3377190088623833,0.06366020920144715,0.06579177801711616,0.937725,0.0806089154166042,2727,0.068175,180,2547,0.066006600660066,0.9
29,word_balanced,calibrated,combined_0.75,40000,200,0.005,0.03948686809738973,0.9433547738693466,0.06220176348391826,0.5705271463165571,0.059647364575211526,0.7196509589474233,0.06244673202340631,0.0612521383559191,0.937375,0.001743320624336305,2727,0.068175,180,2547,0.066006600660066,0.9
29,word_unweighted,raw,id,40000,200,0.005,1.0,1.0,0.0005506633072229633,0.10828766244806984,9.271351741320727e-06,0.0035278105737310567,0.0031647184841646497,0.004940408963735523,1.0,0.023331547355651277,393,0.009825,200,193,0.5089058524173028,1.0
29,word_unweighted,calibrated,id,40000,200,0.005,1.0,1.0,1.606509678704865e-06,0.00032081468259130276,2.4485082898002337e-09,6.982815568905381e-05,6.900574279676567e-05,0.004938101723973356,1.0,0.00018139992430566714,393,0.009825,200,193,0.5089058524173028,1.0
29,word_unweighted,raw,positive_paraphrase,40000,200,0.005,0.5186348151130928,0.9953282663316583,0.004691290885758008,0.9364131781550787,9.271351741320727e-06,0.019914908841143945,0.0032845206419395644,0.0017154793580604355,0.995,0.023331547355651277,308,0.0077,115,193,0.37337662337662336,0.575
29,word_unweighted,calibrated,positive_paraphrase,40000,200,0.005,0.5186348151130928,0.9953282663316583,0.004984244250706866,0.9968483628882235,2.4485082898002337e-09,0.04165782974976539,0.0049885315803647485,1.1468419635251243e-05,0.995,0.00018139992430566714,308,0.0077,115,193,0.37337662337662336,0.575
29,word_unweighted,raw,benign_context,40000,200,0.005,0.044471044060046365,0.9493403266331657,0.040231934487423425,0.10828766244806984,0.03988994590470661,0.10167785411308482,0.05533582418121856,0.060312456354655444,0.9219,0.023331547355651277,3500,0.0875,200,3300,0.05714285714285714,1.0
29,word_unweighted,calibrated,benign_context,40000,200,0.005,0.044471044060046365,0.9493403266331657,0.0768767007546754,0.00032081468259130276,0.07726140369976126,0.4044018802576166,0.07742083585945567,0.08242083585945567,0.9219,0.00018139992430566714,3500,0.0875,200,3300,0.05714285714285714,1.0
29,word_unweighted,raw,combined,40000,200,0.005,0.028769265013280566,0.9172265075376884,0.044372562065958465,0.9364131781550787,0.03988994590470661,0.1180649523804977,0.05890244572103098,0.05708752674898036,0.9169,0.023331547355651277,3415,0.085375,115,3300,0.03367496339677892,0.575
29,word_unweighted,calibrated,combined,40000,200,0.005,0.028769265013280566,0.9172265075376884,0.08185933849570357,0.9968483628882235,0.07726140369976126,0.4459898818516929,0.08247188100935098,0.07749420255511756,0.9169,0.00018139992430566714,3415,0.085375,115,3300,0.03367496339677892,0.575
29,char_balanced,raw,id,40000,200,0.005,1.0,1.0,8.445257973785468e-05,2.3125594593236673e-05,8.476075554260151e-05,0.004276650046903298,0.004231813037231221,0.009186215810254094,1.0,0.07388740306747044,402,0.01005,200,202,0.4975124378109453,1.0
29,char_balanced,calibrated,id,40000,200,0.005,1.0,1.0,1.2674629192775856e-07,3.1670614475303724e-10,1.2738161647943198e-07,2.9805070175571395e-05,2.974145921659666e-05,0.005029609597836496,1.0,0.0018588164405073451,402,0.01005,200,202,0.4975124378109453,1.0
29,char_balanced,raw,positive_paraphrase,40000,200,0.005,0.8888701080076923,0.9987733668341708,0.0027443091893759905,0.5319944475222205,8.476075554260151e-05,0.011818463337922937,0.005431049117231942,0.005860582616662315,0.9963,0.07388740306747044,379,0.009475,177,202,0.46701846965699206,0.885
29,char_balanced,calibrated,positive_paraphrase,40000,200,0.005,0.8888701080076923,0.9987733668341708,0.0036483474585082107,0.7296441427599626,1.2738161647943198e-07,0.01731458526936541,0.003888819464723499,0.001111180535276501,0.995675,0.0018588164405073451,379,0.009475,177,202,0.46701846965699206,0.885
29,char_balanced,raw,benign_context,40000,200,0.005,0.7114466175768966,0.9962243718592965,0.07635898487589236,2.3125594593236673e-05,0.07674258215871296,0.3578542111277399,0.08103574462646433,0.08603574462646432,0.9219,0.07388740306747044,3507,0.087675,200,3307,0.057028799543769604,1.0
29,char_balanced,calibrated,benign_context,40000,200,0.005,0.7114466175768966,0.9962243718592965,0.07808187242598483,3.1670614475303724e-10,0.07847424364261436,0.7383452884865718,0.07811791991363573,0.08311791991363573,0.9219,0.0018588164405073451,3507,0.087675,200,3307,0.057028799543769604,1.0
29,char_balanced,raw,combined,40000,200,0.005,0.03018140527256661,0.9203837939698493,0.0790188414855305,0.5319944475222205,0.07674258215871296,0.36539602441875957,0.08232858209331478,0.08271011143287253,0.9182,0.07388740306747044,3484,0.0871,177,3307,0.050803673938002294,0.885
29,char_balanced,calibrated,combined,40000,200,0.005,0.03018140527256661,0.9203837939698493,0.08173009313820111,0.7296441427599626,0.07847424364261436,0.7556300686857615,0.08197947350034823,0.07919949085107572,0.917575,0.0018588164405073451,3484,0.0871,177,3307,0.050803673938002294,0.885
43,word_balanced,raw,id,40000,200,0.005,1.0,1.0,0.00012876870655890627,2.8251558270809184e-05,0.0001292738178568364,0.004786094585906486,0.004716267045009111,0.009665168559936868,1.0,0.08329271019419282,425,0.010625,200,225,0.47058823529411764,1.0
43,word_balanced,calibrated,id,40000,200,0.005,1.0,1.0,2.3507513611437255e-07,1.902868904816069e-10,2.3625546198986936e-07,3.5293065907933485e-05,3.517474947861658e-05,0.005035057267659012,1.0,0.0015984661888903938,425,0.010625,200,225,0.47058823529411764,1.0
43,word_balanced,raw,positive_paraphrase,40000,200,0.005,0.8155023241784551,0.998003391959799,0.0029145431862787003,0.5571831475022296,0.0001292738178568364,0.012630334435779648,0.0053459235909956914,0.006082572816917466,0.996025,0.08329271019419282,395,0.009875,170,225,0.43037974683544306,0.85
43,word_balanced,calibrated,positive_paraphrase,40000,200,0.005,0.8155023241784551,0.998003391959799,0.003966796530067248,0.7933122911765136,2.3625546198986936e-07,0.019197747296432886,0.00430163605422785,0.0006983639457721496,0.995525,0.0015984661888903938,395,0.009875,170,225,0.43037974683544306,0.85
43,word_balanced,raw,benign_context,40000,200,0.005,0.07337272585804752,0.950050879396985,0.07789776932938841,2.8251558270809184e-05,0.07828907343879102,0.43295844700800135,0.08241677702466312,0.08741677702466309,0.921525,0.08329271019419282,3543,0.088575,200,3343,0.056449336720293536,1.0
43,word_balanced,calibrated,benign_context,40000,200,0.005,0.07337272585804752,0.950050879396985,0.07847387742582129,1.902868904816069e-10,0.07886821851745714,0.9343422948476804,0.07850652980250741,0.0835065298025074,0.921525,0.0015984661888903938,3543,0.088575,200,3343,0.056449336720293536,1.0
43,word_balanced,raw,combined,40000,200,0.005,0.02965267431068833,0.9193006281407035,0.08068354380910821,0.5571831475022296,0.07828907343879102,0.4408026868578746,0.083132892834635,0.08383418128164369,0.91755,0.08329271019419282,3513,0.087825,170,3343,0.04839168801594079,0.85
43,word_balanced,calibrated,combined,40000,200,0.005,0.02965267431068833,0.9193006281407035,0.0824404388807524,0.7933122911765136,0.07886821851745714,0.9535047490782055,0.08277882442540943,0.07916983648062055,0.91705,0.0015984661888903938,3513,0.087825,170,3343,0.04839168801594079,0.85
43,word_balanced,raw,combined_0.25,40000,200,0.005,0.15557657083870507,0.9849405778894473,0.020184279895194626,0.1361737006458599,0.019601418484387265,0.11342960956208403,0.02397638397343116,0.02815387199089878,0.979575,0.08329271019419282,1194,0.02985,191,1003,0.15996649916247907,0.955
43,word_balanced,calibrated,combined_0.25,40000,200,0.005,0.15557657083870507,0.9849405778894473,0.020485602629108958,0.18714070763178078,0.019648139789899547,0.23755350201888678,0.02056807505413494,0.023531500524589147,0.979375,0.0015984661888903938,1194,0.02985,191,1003,0.15996649916247907,0.955
43,word_balanced,raw,combined_0.50,40000,200,0.005,0.07751013447224907,0.967469095477387,0.039950171439347155,0.2542404022320681,0.03887333610873047,0.2204991921399578,0.04310065408385455,0.04658585750250295,0.95935,0.08329271019419282,1956,0.0489,185,1771,0.09458077709611452,0.925
43,word_balanced,calibrated,combined_0.50,40000,200,0.005,0.07751013447224907,0.967469095477387,0.04067873128018613,0.355833303396132,0.03909503996302058,0.47163798797337875,0.040817266622048785,0.04198199928676011,0.959125,0.0015984661888903938,1956,0.0489,185,1771,0.09458077709611452,0.925
43,word_balanced,raw,combined_0.75,40000,200,0.005,0.04599879317671014,0.9455580402010051,0.0601835369007887,0.3715435548926979,0.058618913694799206,0.3304396148737309,0.06300510627349072,0.06545313206973702,0.938675,0.08329271019419282,2739,0.068475,181,2558,0.0660825118656444,0.905
43,word_balanced,calibrated,combined_0.75,40000,200,0.005,0.04599879317671014,0.9455580402010051,0.06135282917903696,0.5257212865959311,0.059019319342771166,0.7119629554339643,0.06158298770133055,0.06086596656573537,0.93835,0.0015984661888903938,2739,0.068475,181,2558,0.0660825118656444,0.905
43,word_unweighted,raw,id,40000,200,0.005,1.0,1.0,0.000543844940969565,0.10679968520245448,9.895994931952493e-06,0.0035175222216982617,0.003158815132523706,0.004975249783267914,1.0,0.023660667929853864,432,0.0108,200,232,0.46296296296296297,1.0
43,word_unweighted,calibrated,id,40000,200,0.005,1.0,1.0,1.1662101696063715e-06,0.00023273587057060953,2.543534425451054e-09,6.168129600543968e-05,6.108790284929516e-05,0.004946249943101534,1.0,0.00018096130481671914,432,0.0108,200,232,0.46296296296296297,1.0
43,word_unweighted,raw,positive_paraphrase,40000,200,0.005,0.5109657539824348,0.9947244974874372,0.0046847691962923,0.9349845362670015,9.895994931952493e-06,0.019915896484702846,0.003266192492902217,0.0017338075070977832,0.995,0.023660667929853864,346,0.00865,114,232,0.32947976878612717,0.57
43,word_unweighted,calibrated,positive_paraphrase,40000,200,0.005,0.5109657539824348,0.9947244974874372,0.004982489530591702,0.9964973999549899,2.543534425451054e-09,0.041813997593604865,0.004987536621051325,1.2463378948675673e-05,0.995,0.00018096130481671914,346,0.00865,114,232,0.32947976878612717,0.57
43,word_unweighted,raw,benign_context,40000,200,0.005,0.10412314073586434,0.9560071608040202,0.0389894811779153,0.10679968520245448,0.038648726383822135,0.09867146470477121,0.05460779172458833,0.059607791724588334,0.921525,0.023660667929853864,3551,0.088775,200,3351,0.056322162771050406,1.0
43,word_unweighted,calibrated,benign_context,40000,200,0.005,0.10412314073586434,0.9560071608040202,0.07723211514379383,0.00023273587057060953,0.07761904669793063,0.40208262804909967,0.07779491907006489,0.08279491907006488,0.921525,0.00018096130481671914,3551,0.088775,200,3351,0.056322162771050406,1.0
43,word_unweighted,raw,combined,40000,200,0.005,0.028389801300286243,0.9163041457286432,0.04313040543323804,0.9349845362670015,0.038648726383822135,0.11506983896777578,0.05814854589473659,0.05636634944841819,0.916525,0.023660667929853864,3465,0.086625,114,3351,0.0329004329004329,0.57
43,word_unweighted,calibrated,combined,40000,200,0.005,0.028389801300286243,0.9163041457286432,0.08221343846421592,0.9964973999549899,0.07761904669793063,0.443834944346699,0.08283680342573516,0.07786113250591202,0.916525,0.00018096130481671914,3465,0.086625,114,3351,0.0329004329004329,0.57
43,char_balanced,raw,id,40000,200,0.005,1.0,1.0,9.262269945643594e-05,2.5213326539833927e-05,9.296144002385602e-05,0.004332124788896902,0.004282914466559068,0.009235789293038433,1.0,0.08366756914622671,396,0.0099,200,196,0.5050505050505051,1.0
43,char_balanced,calibrated,id,40000,200,0.005,1.0,1.0,1.1582365720239255e-07,2.6870243010397684e-10,1.1640433536707737e-07,2.902513573044691e-05,2.8966991957577016e-05,0.005028840934707628,1.0,0.0022088025463483847,396,0.0099,200,196,0.5050505050505051,1.0
43,char_balanced,raw,positive_paraphrase,40000,200,0.005,0.8563572701211688,0.9984939698492461,0.0028001708679354195,0.5415348470223366,9.296144002385602e-05,0.011998174116565681,0.005337904752873154,0.005839373853641821,0.996125,0.08366756914622671,369,0.009225,173,196,0.46883468834688347,0.865
43,char_balanced,calibrated,positive_paraphrase,40000,200,0.005,0.8563572701211688,0.9984939698492461,0.0037337747034156825,0.7467317762203984,1.1640433536707737e-07,0.017949526515725286,0.003999414971935559,0.0010005850280644416,0.99565,0.0022088025463483847,369,0.009225,173,196,0.46883468834688347,0.865
43,char_balanced,raw,benign_context,40000,200,0.005,0.7881146644112682,0.9967405778894473,0.07673647384378537,2.5213326539833927e-05,0.07712195756497756,0.35788703389308274,0.08144918818580554,0.08644918818580555,0.921525,0.08366756914622671,3516,0.0879,200,3316,0.05688282138794084,1.0
43,char_balanced,calibrated,benign_context,40000,200,0.005,0.7881146644112682,0.9967405778894473,0.07845971991744476,2.6870243010397684e-10,0.07885398986542837,0.7475069820216297,0.07849344482477347,0.08349344482477346,0.921525,0.0022088025463483847,3516,0.0879,200,3316,0.05688282138794084,1.0
43,char_balanced,raw,combined,40000,200,0.005,0.029899762923706753,0.9197624371859296,0.07944402201226435,0.5415348470223366,0.07712195756497756,0.36555308322075153,0.08264978830603327,0.08305277274640893,0.91765,0.08366756914622671,3489,0.087225,173,3316,0.049584408139868155,0.865
43,char_balanced,calibrated,combined,40000,200,0.005,0.029899762923706753,0.9197624371859296,0.08219337879720322,0.7467317762203984,0.07885398986542837,0.7654274834016245,0.08246772460573898,0.07946518891813027,0.917175,0.0022088025463483847,3489,0.087225,173,3316,0.049584408139868155,0.865
71,word_balanced,raw,id,40000,200,0.005,1.0,1.0,0.0001206554368156234,2.8895969321899782e-05,0.00012111653966735065,0.0047615324223068516,0.004696420020322474,0.009644024404846258,1.0,0.08802478852806492,409,0.010225,200,209,0.4889975550122249,1.0
71,word_balanced,calibrated,id,40000,200,0.005,1.0,1.0,2.477166152064618e-07,2.4208346513236625e-10,2.489602058182273e-07,3.680705500225958e-05,3.668227614061405e-05,0.0050365468147373985,1.0,0.0021513158046597173,409,0.010225,200,209,0.4889975550122249,1.0
71,word_balanced,raw,positive_paraphrase,40000,200,0.005,0.7853783575406613,0.9975706030150754,0.003106510564028367,0.5971999214118706,0.00012111653966735065,0.013361710616282855,0.004928089357810557,0.005916456204546909,0.995675,0.08802478852806492,369,0.009225,160,209,0.43360433604336046,0.8
71,word_balanced,calibrated,positive_paraphrase,40000,200,0.005,0.7853783575406613,0.9975706030150754,0.004138446390259227,0.8276397349708876,2.489602058182273e-07,0.02073333518035156,0.004416368665110063,0.0005836313348899374,0.995275,0.0021513158046597173,369,0.009225,160,209,0.43360433604336046,0.8
71,word_balanced,raw,benign_context,40000,200,0.005,0.03968085544283526,0.9450027638190954,0.0794916585842631,2.8895969321899782e-05,0.07989096894916231,0.4440735723159405,0.08401492338514877,0.08901492338514877,0.919925,0.08802478852806492,3601,0.090025,200,3401,0.055540127742293804,1.0
71,word_balanced,calibrated,benign_context,40000,200,0.005,0.03968085544283526,0.9450027638190954,0.08007369432388038,2.4208346513236625e-10,0.08047607469615072,0.9480636836392945,0.08010879672906573,0.08510879672906574,0.919925,0.0021513158046597173,3601,0.090025,200,3401,0.055540127742293804,1.0
71,word_balanced,raw,combined,40000,200,0.005,0.028872544671815055,0.9172332914572865,0.08247751371147585,0.5971999214118706,0.07989096894916231,0.45267375050991643,0.08440330482236644,0.08528735518484942,0.9156,0.08802478852806492,3561,0.089025,160,3401,0.04493119910137602,0.8
71,word_balanced,calibrated,combined,40000,200,0.005,0.028872544671815055,0.9172332914572865,0.08421189299752439,0.8276397349708876,0.08047607469615072,0.968760211764644,0.08449257626002414,0.08065588124921827,0.9152,0.0021513158046597173,3561,0.089025,160,3401,0.04493119910137602,0.8
71,word_balanced,raw,combined_0.25,40000,200,0.005,0.12628151447781316,0.9844581658291458,0.020412506800513135,0.14320357800698877,0.019795466241686623,0.1152092841211675,0.024107104876067844,0.028319967842723462,0.979225,0.08802478852806492,1185,0.029625,190,995,0.16033755274261605,0.95
71,word_balanced,calibrated,combined_0.25,40000,200,0.005,0.12628151447781316,0.9844581658291458,0.020733703491085265,0.1967685929006031,0.01984910605686658,0.23889156853051627,0.02077788594542694,0.023721636136754962,0.97915,0.0021513158046597173,1185,0.029625,190,995,0.16033755274261605,0.95
71,word_balanced,raw,combined_0.50,40000,200,0.005,0.0609908656828391,0.9652589195979899,0.04128478732328676,0.2931622910183982,0.04001907122431635,0.2287323107765124,0.044337126797623125,0.04750581344988999,0.957775,0.08802478852806492,1985,0.049625,181,1804,0.09118387909319899,0.905
71,word_balanced,calibrated,combined_0.50,40000,200,0.005,0.0609908656828391,0.9652589195979899,0.04210783464754228,0.41167246081259734,0.04025072597334602,0.48440012329690874,0.042222684629532,0.04287648180774128,0.957625,0.0021513158046597173,1985,0.049625,181,1804,0.09118387909319899,0.905
71,word_balanced,raw,combined_0.75,40000,200,0.005,0.03941078513501222,0.9439126884422111,0.061407675435126485,0.4422519418569752,0.059493885151599604,0.33822011262479673,0.06380797059544481,0.06595926158709703,0.937125,0.08802478852806492,2752,0.0688,169,2583,0.06140988372093023,0.845
71,word_balanced,calibrated,combined_0.75,40000,200,0.005,0.03941078513501222,0.9439126884422111,0.062677577842534,0.6156971821705328,0.059898584855961126,0.7212621695197083,0.06286893179498257,0.06132989033578325,0.936875,0.0021513158046597173,2752,0.0688,169,2583,0.06140988372093023,0.845
71,word_unweighted,raw,id,40000,200,0.005,1.0,0.9999999999999999,0.0005451390123766327,0.10714959446979154,9.438231183592897e-06,0.0035379681013239916,0.0031815105444141555,0.00495248172586827,1.0,0.024249317165272875,422,0.01055,200,222,0.47393364928909953,1.0
71,word_unweighted,calibrated,id,40000,200,0.005,1.0,0.9999999999999999,1.8791137166168891e-06,0.00037551640989135664,1.5393639800056396e-09,7.703397397188108e-05,7.606899101059743e-05,0.004929995923520367,1.0,0.00018456591991564144,422,0.01055,200,222,0.47393364928909953,1.0
71,word_unweighted,raw,positive_paraphrase,40000,200,0.005,0.4855273883054564,0.994333040201005,0.0047158337260839395,0.9412885372112528,9.438231183592897e-06,0.020564394839085853,0.0032825880427020137,0.0017174119572979857,0.995,0.024249317165272875,319,0.007975,97,222,0.30407523510971785,0.485
71,word_unweighted,calibrated,positive_paraphrase,40000,200,0.005,0.4855273883054564,0.994333040201005,0.004986440857617312,0.9972878651900303,1.5393639800056396e-09,0.044068496658293654,0.004990151540584522,9.848459415477936e-06,0.995,0.00018456591991564144,319,0.007975,97,222,0.30407523510971785,0.485
71,word_unweighted,raw,benign_context,40000,200,0.005,0.04043159560825145,0.9467136934673367,0.040826568758803215,0.10714959446979154,0.0404932872225671,0.1031201332164364,0.05645302638851208,0.06145302638851208,0.919925,0.024249317165272875,3615,0.090375,200,3415,0.05532503457814661,1.0
71,word_unweighted,calibrated,benign_context,40000,200,0.005,0.04043159560825145,0.9467136934673367,0.0784769710725377,0.00037551640989135664,0.07886944069395804,0.39402735168609543,0.07920070072605197,0.08419694782555268,0.919925,0.00018456591991564144,3615,0.090375,200,3415,0.05532503457814661,1.0
71,word_unweighted,raw,combined,40000,200,0.005,0.02769940254168049,0.9141831658291457,0.044997263472510526,0.9412885372112528,0.0404932872225671,0.12014655995419828,0.060023231022301136,0.05821795661994179,0.914925,0.024249317165272875,3512,0.0878,97,3415,0.027619589977220957,0.485
71,word_unweighted,calibrated,combined,40000,200,0.005,0.02769940254168049,0.9141831658291457,0.08346153281643841,0.9972878651900303,0.07886944069395804,0.43801881437041723,0.0842574129946171,0.07927680036144778,0.914925,0.00018456591991564144,3512,0.0878,97,3415,0.027619589977220957,0.485
71,char_balanced,raw,id,40000,200,0.005,1.0,1.0,9.582622237363041e-05,2.4589263832165985e-05,9.618419703966793e-05,0.0043555419743060075,0.004304369178813561,0.009256603412599297,1.0,0.07606712256510906,423,0.010575,200,223,0.4728132387706856,1.0
71,char_balanced,calibrated,id,40000,200,0.005,1.0,1.0,1.60103660980549e-07,2.1951829082999258e-10,1.609070988835124e-07,3.115256640577246e-05,3.107209155852167e-05,0.005030946893359587,1.0,0.0017455238907769888,423,0.010575,200,223,0.4728132387706856,1.0
71,char_balanced,raw,positive_paraphrase,40000,200,0.005,0.8261181529788624,0.9982795226130654,0.0029496423041217986,0.5707878056134658,9.618419703966793e-05,0.01256198854392896,0.005472118272024761,0.005711355623026293,0.99595,0.07606712256510906,396,0.0099,173,223,0.43686868686868685,0.865
71,char_balanced,calibrated,positive_paraphrase,40000,200,0.005,0.8261181529788624,0.9982795226130654,0.0038935995988407628,0.7786878992554748,1.609070988835124e-07,0.019299542409984317,0.004159254350294401,0.0008407456497055991,0.99555,0.0017455238907769888,396,0.0099,173,223,0.43686868686868685,0.865
71,char_balanced,raw,benign_context,40000,200,0.005,0.6718193995249973,0.9963746231155779,0.0782500759443472,2.4589263832165985e-05,0.07864316884223924,0.3644473942576629,0.08303648093260428,0.08803648093260427,0.919925,0.07606712256510906,3613,0.090325,200,3413,0.05535566011624689,1.0
71,char_balanced,calibrated,benign_context,40000,200,0.005,0.6718193995249973,0.9963746231155779,0.0800568082948277,2.1951829082999258e-10,0.08045910381279409,0.7584097884564853,0.08009437197215186,0.08509437197215185,0.919925,0.0017455238907769888,3613,0.090325,200,3413,0.05535566011624689,1.0
71,char_balanced,raw,combined,40000,200,0.005,0.029223339709529672,0.9179236180904523,0.08110389202609537,0.5707878056134658,0.07864316884223924,0.37265384082728586,0.0843149281292053,0.08449123314303128,0.915875,0.07606712256510906,3586,0.08965,173,3413,0.048243167875069715,0.865
71,char_balanced,calibrated,combined,40000,200,0.005,0.029223339709529672,0.9179236180904523,0.08395024779000748,0.7786878992554748,0.08045910381279409,0.7776781783000638,0.08422619294564385,0.08090417072849787,0.915475,0.0017455238907769888,3586,0.08965,173,3413,0.048243167875069715,0.865
101,word_balanced,raw,id,40000,200,0.005,1.0,1.0,0.0001225745244580262,2.5077001964721538e-05,0.00012306446175698756,0.0047008233002940126,0.004634197138954905,0.009585374555082083,1.0,0.11442404786371356,350,0.00875,200,150,0.5714285714285714,1.0
101,word_balanced,calibrated,id,40000,200,0.005,1.0,1.0,2.622940201913389e-07,1.541012410268833e-10,2.63611306216215e-07,3.649382672197636e-05,3.636179731879764e-05,0.005036253668966304,1.0,0.003883973828888644,350,0.00875,200,150,0.5714285714285714,1.0
101,word_balanced,raw,positive_paraphrase,40000,200,0.005,0.805736460586333,0.9980193467336684,0.0029480747923584802,0.5651251305820556,0.00012306446175698756,0.012670535985280987,0.005340843849533738,0.005972642067838511,0.995975,0.11442404786371356,309,0.007725,159,150,0.5145631067961165,0.795
101,word_balanced,calibrated,positive_paraphrase,40000,200,0.005,0.805736460586333,0.9980193467336684,0.0039888144295079225,0.7977104272516476,2.63611306216215e-07,0.01931039899234686,0.004315587133851436,0.0006844128661485637,0.995475,0.003883973828888644,309,0.007725,159,150,0.5145631067961165,0.795
101,word_balanced,raw,benign_context,40000,200,0.005,0.03875401287955578,0.9442962311557789,0.08135557122384866,2.5077001964721538e-05,0.0817642671747124,0.45659252753525814,0.08578385074953533,0.09078385074953532,0.918075,0.11442404786371356,3614,0.09035,200,3414,0.05534034311012728,1.0
101,word_balanced,calibrated,benign_context,40000,200,0.005,0.03875401287955578,0.9442962311557789,0.08192396210125104,1.541012410268833e-10,0.08233564030199049,0.9811198382267223,0.08195736140746294,0.08695736140746294,0.918075,0.003883973828888644,3614,0.09035,200,3414,0.05534034311012728,1.0
101,word_balanced,raw,combined,40000,200,0.005,0.028502750549888056,0.9158557788944723,0.08418107149174912,0.5651251305820556,0.0817642671747124,0.46456224022024517,0.08667669911988256,0.08717111826229175,0.91405,0.11442404786371356,3573,0.089325,159,3414,0.04450041981528128,0.795
101,word_balanced,calibrated,combined,40000,200,0.005,0.028502750549888056,0.9158557788944723,0.08591251423673878,0.7977104272516476,0.08233564030199049,1.000393743392347,0.08624320246135236,0.0826055206046452,0.91355,0.003883973828888644,3573,0.089325,159,3414,0.04450041981528128,0.795
101,word_balanced,raw,combined_0.25,40000,200,0.005,0.1177900058685604,0.9833206030150754,0.021219767489484332,0.17386223429941253,0.02045271991757515,0.11991298131446147,0.024723756328853975,0.028703340917289738,0.9784,0.11442404786371356,1144,0.0286,184,960,0.16083916083916083,0.92
101,word_balanced,calibrated,combined_0.25,40000,200,0.005,0.1177900058685604,0.9833206030150754,0.021603964429318837,0.24080439961826777,0.020502454704751254,0.25087860507799553,0.02167173318525292,0.024127882397838942,0.97825,0.003883973828888644,1144,0.0286,184,960,0.16083916083916083,0.92
101,word_balanced,raw,combined_0.50,40000,200,0.005,0.059519871789781714,0.9642854271356784,0.0411803995412823,0.30891308516184224,0.039835009161279494,0.22903409243510456,0.044102354560206565,0.04709324021514812,0.957975,0.11442404786371356,1912,0.0478,177,1735,0.09257322175732217,0.885
101,word_balanced,calibrated,combined_0.50,40000,200,0.005,0.059519871789781714,0.9642854271356784,0.04202999833686605,0.43607365677820753,0.04004987945022614,0.48819450467514236,0.04219827880313848,0.042501058019667755,0.957675,0.003883973828888644,1912,0.0478,177,1735,0.09257322175732217,0.885
101,word_balanced,raw,combined_0.75,40000,200,0.005,0.037812295867096446,0.9408841708542713,0.0638519319727374,0.4554014043424801,0.06188434668444725,0.3531604194174938,0.06631818412096754,0.06813308991166327,0.934825,0.11442404786371356,2783,0.069575,165,2618,0.05928853754940711,0.825
101,word_balanced,calibrated,combined_0.75,40000,200,0.005,0.037812295867096446,0.9408841708542713,0.06517005762101148,0.6391555607014299,0.06228570835930084,0.7582670741085252,0.06539643762166453,0.063552578853004,0.93445,0.003883973828888644,2783,0.069575,165,2618,0.05928853754940711,0.825
101,word_unweighted,raw,id,40000,200,0.005,1.0,1.0,0.0004985580473779494,0.09783759513053028,9.41715751286229e-06,0.0034120044289832592,0.003090544402904032,0.005008257268197969,1.0,0.03058455098098489,355,0.008875,200,155,0.5633802816901409,1.0
101,word_unweighted,calibrated,id,40000,200,0.005,1.0,1.0,1.4184299192175776e-06,0.000283370931198087,1.583179122756542e-09,6.846369435942705e-05,6.773906841796029e-05,0.004938191907998719,1.0,0.0003383969035261354,355,0.008875,200,155,0.5633802816901409,1.0
101,word_unweighted,raw,positive_paraphrase,40000,200,0.005,0.5062718436899177,0.9950844221105528,0.004688709238205352,0.9358678332960111,9.41715751286229e-06,0.01996348120047785,0.003286113771984067,0.0017138862280159334,0.995,0.03058455098098489,229,0.005725,74,155,0.3231441048034934,0.37
101,word_unweighted,calibrated,positive_paraphrase,40000,200,0.005,0.5062718436899177,0.9950844221105528,0.004985919829909811,0.9971836509293168,1.583179122756542e-09,0.04279139633937915,0.004989965399907256,1.0034600092744677e-05,0.995,0.0003383969035261354,229,0.005725,74,155,0.3231441048034934,0.37
101,word_unweighted,raw,benign_context,40000,200,0.005,0.04566751737341402,0.9504831658291457,0.04228952973248782,0.09783759513053028,0.04201039372546248,0.10645377598624822,0.05856663873731448,0.06328873159142051,0.918075,0.03058455098098489,3619,0.090475,200,3419,0.055263885051119094,1.0
101,word_unweighted,calibrated,benign_context,40000,200,0.005,0.04566751737341402,0.9504831658291457,0.08048595545452923,0.000283370931198087,0.08088898351746054,0.4021248219904542,0.08113833236628605,0.08613833236628604,0.918075,0.0003383969035261354,3619,0.090475,200,3419,0.055263885051119094,1.0
101,word_unweighted,raw,combined,40000,200,0.005,0.027493940724262488,0.9131798994974875,0.04647968092331522,0.9358678332960111,0.04201039372546248,0.12300525275774285,0.061824920716499164,0.05999436055123847,0.913075,0.03058455098098489,3493,0.087325,74,3419,0.02118522759805325,0.37
101,word_unweighted,calibrated,combined,40000,200,0.005,0.027493940724262488,0.9131798994974875,0.08547045685451983,0.9971836509293168,0.08088898351746054,0.44484775463547394,0.08619064767931019,0.08121017505838009,0.913075,0.0003383969035261354,3493,0.087325,74,3419,0.02118522759805325,0.37
101,char_balanced,raw,id,40000,200,0.005,1.0,1.0,9.69416004119942e-05,2.189437881716897e-05,9.731872212855112e-05,0.00428619436554832,0.004234186946720803,0.00918934560135437,1.0,0.09738881031621335,349,0.008725,200,149,0.5730659025787965,1.0
101,char_balanced,calibrated,id,40000,200,0.005,1.0,1.0,1.627482469449902e-07,1.6372412201062104e-10,1.6356525459736688e-07,3.102917782736389e-05,3.094742599467421e-05,0.005030841907999178,1.0,0.0030572770597402953,349,0.008725,200,149,0.5730659025787965,1.0
101,char_balanced,raw,positive_paraphrase,40000,200,0.005,0.8496622361485522,0.9986337939698493,0.0028061237464942577,0.5418583235952699,9.731872212855112e-05,0.011839082385862815,0.005507526486824243,0.005782098811209341,0.99605,0.09738881031621335,322,0.00805,173,149,0.5372670807453416,0.865
101,char_balanced,calibrated,positive_paraphrase,40000,200,0.005,0.8496622361485522,0.9986337939698493,0.003804235688421617,0.7608145881986584,1.6356525459736688e-07,0.017897485656621397,0.004046527665101024,0.0009534723348989758,0.99555,0.0030572770597402953,322,0.00805,173,149,0.5372670807453416,0.865
101,char_balanced,raw,benign_context,40000,200,0.005,0.7021491097566266,0.9967199748743718,0.08007179417638462,2.189437881716897e-05,0.08047405497938746,0.3735124430795135,0.08478587132031193,0.08978587132031192,0.918075,0.09738881031621335,3613,0.090325,200,3413,0.05535566011624689,1.0
101,char_balanced,calibrated,benign_context,40000,200,0.005,0.7021491097566266,0.9967199748743718,0.08190718132038059,1.6372412201062104e-10,0.08231877519553968,0.7805165181015127,0.08194398512737185,0.08694398512737185,0.918075,0.0030572770597402953,3613,0.090325,200,3413,0.05535566011624689,1.0
101,char_balanced,raw,combined,40000,200,0.005,0.02878716496510606,0.9164209798994974,0.08278097632246686,0.5418583235952699,0.08047405497938746,0.38106533109982793,0.08618982380521349,0.0863786245301669,0.914125,0.09738881031621335,3586,0.08965,173,3413,0.048243167875069715,0.865
101,char_balanced,calibrated,combined,40000,200,0.005,0.02878716496510606,0.9164209798994974,0.08571125426055527,0.7608145881986584,0.08231877519553968,0.7983829745803066,0.08596383998652252,0.08286661555427165,0.913625,0.0030572770597402953,3586,0.08965,173,3413,0.048243167875069715,0.865
